method,family,k,dataset,auc_mean,stability_nogueira,bacc,n_feat,runtime_fs,difficulty_tier,dsk_median_auc,relative_auc
variance,Filter,3,Bladder_GSE31189,0.518,-0.0001,0.4951,3.0,,Hard,0.5353,-0.0173
variance,Filter,3,Breast_GSE70947,0.6415,-0.0001,0.6046,3.0,,Medium,0.9026,-0.2611
variance,Filter,3,Colorectal_GSE44076,0.7723,-0.0001,0.7313,3.0,,Easy,0.9975,-0.2252
variance,Filter,3,Colorectal_GSE44861,0.6582,-0.0001,0.6309,3.0,,Medium,0.8898,-0.2316
variance,Filter,3,Leukemia_GSE63270,0.6776,-0.0001,0.6314,3.0,,Easy,0.9965,-0.3189
variance,Filter,3,Liver_GSE14520_U133A,0.767,-0.0001,0.7039,3.0,,Easy,0.9747,-0.2077
variance,Filter,3,Liver_GSE76427,0.644,-0.0001,0.5957,3.0,,Easy,0.9678,-0.3238
variance,Filter,3,Lung_GSE19804,0.7205,0.0055,0.6727,3.0,,Easy,0.9788,-0.2583
variance,Filter,3,Pancreatic_GSE16515,0.6312,-0.0001,0.5554,3.0,,Medium,0.8955,-0.2643
variance,Filter,3,Prostate_GSE6919_U95Av2,0.617,-0.0002,0.576,3.0,,Hard,0.6976,-0.0806
variance,Filter,3,Renal_GSE53757,0.7307,-0.0001,0.6713,3.0,,Medium,0.8768,-0.1461
variance,Filter,5,Bladder_GSE31189,0.5324,-0.0001,0.5092,5.0,,Hard,0.5564,-0.024
variance,Filter,5,Breast_GSE70947,0.6962,0.0012,0.6531,5.0,,Medium,0.914,-0.2178
variance,Filter,5,Colorectal_GSE44076,0.8496,-0.0001,0.8067,5.0,,Easy,0.9982,-0.1486
variance,Filter,5,Colorectal_GSE44861,0.7036,0.0004,0.6467,5.0,,Medium,0.8876,-0.184
variance,Filter,5,Leukemia_GSE63270,0.7403,-0.0001,0.6745,5.0,,Easy,0.9988,-0.2585
variance,Filter,5,Liver_GSE14520_U133A,0.8058,0.0004,0.7529,5.0,,Easy,0.9797,-0.1739
variance,Filter,5,Liver_GSE76427,0.7195,-0.0001,0.6447,5.0,,Easy,0.9671,-0.2476
variance,Filter,5,Lung_GSE19804,0.7592,0.0032,0.6876,5.0,,Easy,0.9792,-0.22
variance,Filter,5,Pancreatic_GSE16515,0.6957,-0.0001,0.6427,5.0,,Medium,0.9264,-0.2307
variance,Filter,5,Prostate_GSE6919_U95Av2,0.6129,-0.0004,0.5926,5.0,,Hard,0.7076,-0.0947
variance,Filter,5,Renal_GSE53757,0.8034,-0.0001,0.7473,5.0,,Medium,0.8723,-0.0689
variance,Filter,10,Bladder_GSE31189,0.6008,-0.0002,0.5454,10.0,,Hard,0.5965,0.0043
variance,Filter,10,Breast_GSE70947,0.7854,0.0014,0.7305,10.0,,Medium,0.9285,-0.1431
variance,Filter,10,Colorectal_GSE44076,0.945,0.0008,0.8996,10.0,,Easy,0.9995,-0.0545
variance,Filter,10,Colorectal_GSE44861,0.7898,0.0009,0.7424,10.0,,Medium,0.8916,-0.1018
variance,Filter,10,Leukemia_GSE63270,0.8531,0.0002,0.7517,10.0,,Easy,1.0,-0.1469
variance,Filter,10,Liver_GSE14520_U133A,0.8954,-0.0001,0.83,10.0,,Easy,0.981,-0.0856
variance,Filter,10,Liver_GSE76427,0.8289,0.0001,0.728,10.0,,Easy,0.9696,-0.1407
variance,Filter,10,Lung_GSE19804,0.85,0.0018,0.7792,10.0,,Easy,0.9851,-0.1351
variance,Filter,10,Pancreatic_GSE16515,0.7352,0.0002,0.6722,10.0,,Medium,0.9307,-0.1955
variance,Filter,10,Prostate_GSE6919_U95Av2,0.6441,0.0005,0.6133,10.0,,Hard,0.7075,-0.0634
variance,Filter,10,Renal_GSE53757,0.8431,0.0012,0.7838,10.0,,Medium,0.8714,-0.0283
variance,Filter,15,Bladder_GSE31189,0.5674,-0.0001,0.5164,15.0,,Hard,0.6019,-0.0345
variance,Filter,15,Breast_GSE70947,0.8294,0.0009,0.7673,15.0,,Medium,0.9319,-0.1025
variance,Filter,15,Colorectal_GSE44076,0.9694,0.0015,0.9314,15.0,,Easy,0.9998,-0.0304
variance,Filter,15,Colorectal_GSE44861,0.7807,0.0013,0.726,15.0,,Medium,0.8924,-0.1117
variance,Filter,15,Leukemia_GSE63270,0.8897,0.0006,0.8028,15.0,,Easy,1.0,-0.1103
variance,Filter,15,Liver_GSE14520_U133A,0.9265,0.0007,0.8716,15.0,,Easy,0.982,-0.0555
variance,Filter,15,Liver_GSE76427,0.8689,0.0008,0.7789,15.0,,Easy,0.9727,-0.1038
variance,Filter,15,Lung_GSE19804,0.8904,0.0013,0.8165,15.0,,Easy,0.9872,-0.0968
variance,Filter,15,Pancreatic_GSE16515,0.8098,0.0013,0.6882,15.0,,Medium,0.9281,-0.1183
variance,Filter,15,Prostate_GSE6919_U95Av2,0.6855,0.0004,0.6435,15.0,,Hard,0.7029,-0.0174
variance,Filter,15,Renal_GSE53757,0.8484,0.0013,0.7891,15.0,,Medium,0.8726,-0.0242
variance,Filter,20,Bladder_GSE31189,0.5599,0.0001,0.5257,20.0,,Hard,0.6283,-0.0684
variance,Filter,20,Breast_GSE70947,0.8551,0.0016,0.7933,20.0,,Medium,0.9346,-0.0795
variance,Filter,20,Colorectal_GSE44076,0.9834,0.0014,0.9585,20.0,,Easy,0.9998,-0.0164
variance,Filter,20,Colorectal_GSE44861,0.7931,0.0014,0.7376,20.0,,Medium,0.896,-0.1029
variance,Filter,20,Leukemia_GSE63270,0.9274,0.0018,0.8486,20.0,,Easy,1.0,-0.0726
variance,Filter,20,Liver_GSE14520_U133A,0.9473,0.0008,0.8906,20.0,,Easy,0.9822,-0.0349
variance,Filter,20,Liver_GSE76427,0.892,0.0007,0.7923,20.0,,Easy,0.968,-0.076
variance,Filter,20,Lung_GSE19804,0.9257,0.0013,0.8467,20.0,,Easy,0.9878,-0.0621
variance,Filter,20,Pancreatic_GSE16515,0.8319,0.002,0.6844,20.0,,Medium,0.9281,-0.0962
variance,Filter,20,Prostate_GSE6919_U95Av2,0.6725,0.0008,0.6164,20.0,,Hard,0.6908,-0.0183
variance,Filter,20,Renal_GSE53757,0.8387,0.0015,0.7851,20.0,,Medium,0.8707,-0.032
variance,Filter,30,Bladder_GSE31189,0.5519,0.0006,0.5078,30.0,,Hard,0.6312,-0.0793
variance,Filter,30,Breast_GSE70947,0.8718,0.0028,0.8017,30.0,,Medium,0.9373,-0.0655
variance,Filter,30,Colorectal_GSE44076,0.9923,0.0032,0.9667,30.0,,Easy,0.9999,-0.0076
variance,Filter,30,Colorectal_GSE44861,0.8244,0.0011,0.7696,30.0,,Medium,0.896,-0.0716
variance,Filter,30,Leukemia_GSE63270,0.9659,0.0027,0.9147,30.0,,Easy,1.0,-0.0341
variance,Filter,30,Liver_GSE14520_U133A,0.9605,0.0011,0.9161,30.0,,Easy,0.9832,-0.0227
variance,Filter,30,Liver_GSE76427,0.9197,0.0006,0.8323,30.0,,Easy,0.9685,-0.0488
variance,Filter,30,Lung_GSE19804,0.9437,0.0021,0.8657,30.0,,Easy,0.989,-0.0453
variance,Filter,30,Pancreatic_GSE16515,0.8286,0.0027,0.7336,30.0,,Medium,0.9336,-0.105
variance,Filter,30,Prostate_GSE6919_U95Av2,0.6627,0.0004,0.6265,30.0,,Hard,0.6777,-0.015
variance,Filter,30,Renal_GSE53757,0.8425,0.001,0.7808,30.0,,Medium,0.8678,-0.0253
variance,Filter,50,Bladder_GSE31189,0.5289,0.0007,0.5197,50.0,,Hard,0.651,-0.1221
variance,Filter,50,Breast_GSE70947,0.8838,0.0031,0.8178,50.0,,Medium,0.9363,-0.0525
variance,Filter,50,Colorectal_GSE44076,0.9967,0.0044,0.9761,50.0,,Easy,0.9999,-0.0032
variance,Filter,50,Colorectal_GSE44861,0.8178,0.0018,0.7573,50.0,,Medium,0.8956,-0.0778
variance,Filter,50,Leukemia_GSE63270,0.9782,0.0034,0.9428,50.0,,Easy,1.0,-0.0218
variance,Filter,50,Liver_GSE14520_U133A,0.9662,0.0018,0.9246,50.0,,Easy,0.9824,-0.0162
variance,Filter,50,Liver_GSE76427,0.935,0.0014,0.8474,50.0,,Easy,0.9711,-0.0361
variance,Filter,50,Lung_GSE19804,0.9597,0.0025,0.8941,50.0,,Easy,0.9885,-0.0288
variance,Filter,50,Pancreatic_GSE16515,0.8633,0.0026,0.7123,50.0,,Medium,0.9269,-0.0636
variance,Filter,50,Prostate_GSE6919_U95Av2,0.6591,0.0002,0.6308,50.0,,Hard,0.6722,-0.0131
variance,Filter,50,Renal_GSE53757,0.8241,0.0012,0.7705,50.0,,Medium,0.8676,-0.0435
anova,Filter,3,Bladder_GSE31189,0.5227,0.1455,0.5065,3.0,,Hard,0.5353,-0.0126
anova,Filter,3,Breast_GSE70947,0.9226,0.6289,0.8656,3.0,,Medium,0.9026,0.02
anova,Filter,3,Colorectal_GSE44076,0.9977,0.4666,0.9844,3.0,,Easy,0.9975,0.0002
anova,Filter,3,Colorectal_GSE44861,0.8996,0.6655,0.8385,3.0,,Medium,0.8898,0.0098
anova,Filter,3,Leukemia_GSE63270,0.9946,0.5822,0.9672,3.0,,Easy,0.9965,-0.0019
anova,Filter,3,Liver_GSE14520_U133A,0.9773,1.0,0.9637,3.0,,Easy,0.9747,0.0026
anova,Filter,3,Liver_GSE76427,0.9722,0.7311,0.9491,3.0,,Easy,0.9678,0.0044
anova,Filter,3,Lung_GSE19804,0.9813,0.7155,0.9556,3.0,,Easy,0.9788,0.0025
anova,Filter,3,Pancreatic_GSE16515,0.9338,0.3833,0.8512,3.0,,Medium,0.8955,0.0383
anova,Filter,3,Prostate_GSE6919_U95Av2,0.7283,0.1976,0.6435,3.0,,Hard,0.6976,0.0307
anova,Filter,3,Renal_GSE53757,0.8942,0.6622,0.8607,3.0,,Medium,0.8768,0.0174
anova,Filter,5,Bladder_GSE31189,0.5211,0.1553,0.4982,5.0,,Hard,0.5564,-0.0353
anova,Filter,5,Breast_GSE70947,0.9318,0.6293,0.8669,5.0,,Medium,0.914,0.0178
anova,Filter,5,Colorectal_GSE44076,0.9982,0.574,0.9916,5.0,,Easy,0.9982,0.0
anova,Filter,5,Colorectal_GSE44861,0.8996,0.5979,0.8427,5.0,,Medium,0.8876,0.012
anova,Filter,5,Leukemia_GSE63270,0.9988,0.8427,0.9828,5.0,,Easy,0.9988,0.0
anova,Filter,5,Liver_GSE14520_U133A,0.9797,0.9206,0.9603,5.0,,Easy,0.9797,0.0
anova,Filter,5,Liver_GSE76427,0.9671,0.7413,0.9591,5.0,,Easy,0.9671,0.0
anova,Filter,5,Lung_GSE19804,0.9792,0.7746,0.9521,5.0,,Easy,0.9792,0.0
anova,Filter,5,Pancreatic_GSE16515,0.934,0.3726,0.867,5.0,,Medium,0.9264,0.0076
anova,Filter,5,Prostate_GSE6919_U95Av2,0.7372,0.2564,0.6649,5.0,,Hard,0.7076,0.0296
anova,Filter,5,Renal_GSE53757,0.8911,0.47,0.855,5.0,,Medium,0.8723,0.0188
anova,Filter,10,Bladder_GSE31189,0.5594,0.1855,0.5329,10.0,,Hard,0.5965,-0.0371
anova,Filter,10,Breast_GSE70947,0.9342,0.6202,0.8731,10.0,,Medium,0.9285,0.0057
anova,Filter,10,Colorectal_GSE44076,0.9996,0.7033,0.9937,10.0,,Easy,0.9995,0.0001
anova,Filter,10,Colorectal_GSE44861,0.9189,0.6665,0.8703,10.0,,Medium,0.8916,0.0273
anova,Filter,10,Leukemia_GSE63270,0.9988,0.7936,0.9917,10.0,,Easy,1.0,-0.0012
anova,Filter,10,Liver_GSE14520_U133A,0.981,0.8479,0.9564,10.0,,Easy,0.981,0.0
anova,Filter,10,Liver_GSE76427,0.9774,0.8926,0.9626,10.0,,Easy,0.9696,0.0078
anova,Filter,10,Lung_GSE19804,0.9851,0.6789,0.9576,10.0,,Easy,0.9851,0.0
anova,Filter,10,Pancreatic_GSE16515,0.934,0.3839,0.8727,10.0,,Medium,0.9307,0.0033
anova,Filter,10,Prostate_GSE6919_U95Av2,0.7207,0.3618,0.6605,10.0,,Hard,0.7075,0.0132
anova,Filter,10,Renal_GSE53757,0.8965,0.4039,0.8539,10.0,,Medium,0.8714,0.0251
anova,Filter,15,Bladder_GSE31189,0.5856,0.2142,0.5592,15.0,,Hard,0.6019,-0.0163
anova,Filter,15,Breast_GSE70947,0.9354,0.6441,0.8724,15.0,,Medium,0.9319,0.0035
anova,Filter,15,Colorectal_GSE44076,0.9998,0.7626,0.9948,15.0,,Easy,0.9998,0.0
anova,Filter,15,Colorectal_GSE44861,0.9276,0.63,0.8743,15.0,,Medium,0.8924,0.0352
anova,Filter,15,Leukemia_GSE63270,1.0,0.7753,0.9933,15.0,,Easy,1.0,0.0
anova,Filter,15,Liver_GSE14520_U133A,0.9816,0.8168,0.9614,15.0,,Easy,0.982,-0.0004
anova,Filter,15,Liver_GSE76427,0.9737,0.8553,0.9597,15.0,,Easy,0.9727,0.001
anova,Filter,15,Lung_GSE19804,0.9869,0.6808,0.952,15.0,,Easy,0.9872,-0.0003
anova,Filter,15,Pancreatic_GSE16515,0.9286,0.4096,0.867,15.0,,Medium,0.9281,0.0005
anova,Filter,15,Prostate_GSE6919_U95Av2,0.7029,0.4064,0.6304,15.0,,Hard,0.7029,0.0
anova,Filter,15,Renal_GSE53757,0.8901,0.4283,0.8468,15.0,,Medium,0.8726,0.0175
anova,Filter,20,Bladder_GSE31189,0.5946,0.2261,0.5472,20.0,,Hard,0.6283,-0.0337
anova,Filter,20,Breast_GSE70947,0.9335,0.6296,0.871,20.0,,Medium,0.9346,-0.0011
anova,Filter,20,Colorectal_GSE44076,0.9998,0.8141,0.9948,20.0,,Easy,0.9998,0.0
anova,Filter,20,Colorectal_GSE44861,0.9251,0.6005,0.874,20.0,,Medium,0.896,0.0291
anova,Filter,20,Leukemia_GSE63270,1.0,0.7526,0.9967,20.0,,Easy,1.0,0.0
anova,Filter,20,Liver_GSE14520_U133A,0.9822,0.8449,0.9591,20.0,,Easy,0.9822,0.0
anova,Filter,20,Liver_GSE76427,0.9717,0.8543,0.9557,20.0,,Easy,0.968,0.0037
anova,Filter,20,Lung_GSE19804,0.9893,0.7471,0.963,20.0,,Easy,0.9878,0.0015
anova,Filter,20,Pancreatic_GSE16515,0.9357,0.4468,0.8604,20.0,,Medium,0.9281,0.0076
anova,Filter,20,Prostate_GSE6919_U95Av2,0.6897,0.4862,0.6287,20.0,,Hard,0.6908,-0.0011
anova,Filter,20,Renal_GSE53757,0.8887,0.4538,0.8469,20.0,,Medium,0.8707,0.018
anova,Filter,30,Bladder_GSE31189,0.6025,0.258,0.5729,30.0,,Hard,0.6312,-0.0287
anova,Filter,30,Breast_GSE70947,0.9383,0.6329,0.8821,30.0,,Medium,0.9373,0.001
anova,Filter,30,Colorectal_GSE44076,0.9999,0.8142,0.9948,30.0,,Easy,0.9999,0.0
anova,Filter,30,Colorectal_GSE44861,0.9211,0.616,0.8682,30.0,,Medium,0.896,0.0251
anova,Filter,30,Leukemia_GSE63270,1.0,0.7473,0.9967,30.0,,Easy,1.0,0.0
anova,Filter,30,Liver_GSE14520_U133A,0.9832,0.8114,0.9619,30.0,,Easy,0.9832,0.0
anova,Filter,30,Liver_GSE76427,0.9664,0.8651,0.9549,30.0,,Easy,0.9685,-0.0021
anova,Filter,30,Lung_GSE19804,0.9918,0.777,0.9577,30.0,,Easy,0.989,0.0028
anova,Filter,30,Pancreatic_GSE16515,0.9419,0.521,0.8604,30.0,,Medium,0.9336,0.0083
anova,Filter,30,Prostate_GSE6919_U95Av2,0.6776,0.544,0.621,30.0,,Hard,0.6777,-0.0001
anova,Filter,30,Renal_GSE53757,0.8874,0.4652,0.8456,30.0,,Medium,0.8678,0.0196
anova,Filter,50,Bladder_GSE31189,0.6338,0.2755,0.5772,50.0,,Hard,0.651,-0.0172
anova,Filter,50,Breast_GSE70947,0.9335,0.6501,0.8779,50.0,,Medium,0.9363,-0.0028
anova,Filter,50,Colorectal_GSE44076,0.9999,0.8012,0.9927,50.0,,Easy,0.9999,0.0
anova,Filter,50,Colorectal_GSE44861,0.908,0.672,0.8569,50.0,,Medium,0.8956,0.0124
anova,Filter,50,Leukemia_GSE63270,1.0,0.7474,1.0,50.0,,Easy,1.0,0.0
anova,Filter,50,Liver_GSE14520_U133A,0.9832,0.8416,0.9608,50.0,,Easy,0.9824,0.0008
anova,Filter,50,Liver_GSE76427,0.9755,0.8211,0.9386,50.0,,Easy,0.9711,0.0044
anova,Filter,50,Lung_GSE19804,0.9899,0.7729,0.9577,50.0,,Easy,0.9885,0.0014
anova,Filter,50,Pancreatic_GSE16515,0.9357,0.5724,0.8483,50.0,,Medium,0.9269,0.0088
anova,Filter,50,Prostate_GSE6919_U95Av2,0.6666,0.597,0.6341,50.0,,Hard,0.6722,-0.0056
anova,Filter,50,Renal_GSE53757,0.8814,0.4971,0.8369,50.0,,Medium,0.8676,0.0138
mi,Filter,3,Bladder_GSE31189,0.5348,0.0811,0.5375,3.0,,Hard,0.5353,-0.0005
mi,Filter,3,Breast_GSE70947,0.9169,0.2911,0.8591,3.0,,Medium,0.9026,0.0143
mi,Filter,3,Colorectal_GSE44076,0.9969,0.25,0.9875,3.0,,Easy,0.9975,-0.0006
mi,Filter,3,Colorectal_GSE44861,0.8771,0.2054,0.8309,3.0,,Medium,0.8898,-0.0127
mi,Filter,3,Leukemia_GSE63270,0.9971,0.3855,0.9711,3.0,,Easy,0.9965,0.0006
mi,Filter,3,Liver_GSE14520_U133A,0.9772,0.3844,0.9525,3.0,,Easy,0.9747,0.0025
mi,Filter,3,Liver_GSE76427,0.9691,0.4589,0.9463,3.0,,Easy,0.9678,0.0013
mi,Filter,3,Lung_GSE19804,0.9899,0.3589,0.947,3.0,,Easy,0.9788,0.0111
mi,Filter,3,Pancreatic_GSE16515,0.9376,0.2511,0.8727,3.0,,Medium,0.8955,0.0421
mi,Filter,3,Prostate_GSE6919_U95Av2,0.73,0.1587,0.6651,3.0,,Hard,0.6976,0.0324
mi,Filter,3,Renal_GSE53757,0.8775,0.2311,0.8483,3.0,,Medium,0.8768,0.0007
mi,Filter,5,Bladder_GSE31189,0.5557,0.1026,0.5313,5.0,,Hard,0.5564,-0.0007
mi,Filter,5,Breast_GSE70947,0.9246,0.3666,0.8611,5.0,,Medium,0.914,0.0106
mi,Filter,5,Colorectal_GSE44076,0.9992,0.3346,0.9864,5.0,,Easy,0.9982,0.001
mi,Filter,5,Colorectal_GSE44861,0.8836,0.2445,0.844,5.0,,Medium,0.8876,-0.004
mi,Filter,5,Leukemia_GSE63270,0.9983,0.4279,0.98,5.0,,Easy,0.9988,-0.0005
mi,Filter,5,Liver_GSE14520_U133A,0.98,0.5659,0.9553,5.0,,Easy,0.9797,0.0003
mi,Filter,5,Liver_GSE76427,0.9706,0.5346,0.9517,5.0,,Easy,0.9671,0.0035
mi,Filter,5,Lung_GSE19804,0.9903,0.3753,0.9576,5.0,,Easy,0.9792,0.0111
mi,Filter,5,Pancreatic_GSE16515,0.9338,0.2059,0.8718,5.0,,Medium,0.9264,0.0074
mi,Filter,5,Prostate_GSE6919_U95Av2,0.7282,0.1537,0.6736,5.0,,Hard,0.7076,0.0206
mi,Filter,5,Renal_GSE53757,0.8723,0.2646,0.8496,5.0,,Medium,0.8723,0.0
mi,Filter,10,Bladder_GSE31189,0.6083,0.1178,0.5503,10.0,,Hard,0.5965,0.0118
mi,Filter,10,Breast_GSE70947,0.935,0.4772,0.8647,10.0,,Medium,0.9285,0.0065
mi,Filter,10,Colorectal_GSE44076,0.9994,0.4022,0.9885,10.0,,Easy,0.9995,-0.0001
mi,Filter,10,Colorectal_GSE44861,0.8916,0.2967,0.8491,10.0,,Medium,0.8916,0.0
mi,Filter,10,Leukemia_GSE63270,1.0,0.5653,0.995,10.0,,Easy,1.0,0.0
mi,Filter,10,Liver_GSE14520_U133A,0.9818,0.7796,0.9643,10.0,,Easy,0.981,0.0008
mi,Filter,10,Liver_GSE76427,0.9722,0.6133,0.9546,10.0,,Easy,0.9696,0.0026
mi,Filter,10,Lung_GSE19804,0.9878,0.4932,0.961,10.0,,Easy,0.9851,0.0027
mi,Filter,10,Pancreatic_GSE16515,0.931,0.2185,0.8598,10.0,,Medium,0.9307,0.0003
mi,Filter,10,Prostate_GSE6919_U95Av2,0.7112,0.1763,0.6506,10.0,,Hard,0.7075,0.0037
mi,Filter,10,Renal_GSE53757,0.8714,0.2479,0.8495,10.0,,Medium,0.8714,0.0
mi,Filter,15,Bladder_GSE31189,0.5749,0.1226,0.5277,15.0,,Hard,0.6019,-0.027
mi,Filter,15,Breast_GSE70947,0.9334,0.4729,0.8695,15.0,,Medium,0.9319,0.0015
mi,Filter,15,Colorectal_GSE44076,0.9998,0.4845,0.9896,15.0,,Easy,0.9998,0.0
mi,Filter,15,Colorectal_GSE44861,0.8924,0.3424,0.8623,15.0,,Medium,0.8924,0.0
mi,Filter,15,Leukemia_GSE63270,1.0,0.6463,1.0,15.0,,Easy,1.0,0.0
mi,Filter,15,Liver_GSE14520_U133A,0.981,0.6938,0.9637,15.0,,Easy,0.982,-0.001
mi,Filter,15,Liver_GSE76427,0.9727,0.6119,0.9566,15.0,,Easy,0.9727,0.0
mi,Filter,15,Lung_GSE19804,0.9903,0.5752,0.9612,15.0,,Easy,0.9872,0.0031
mi,Filter,15,Pancreatic_GSE16515,0.9212,0.23,0.8594,15.0,,Medium,0.9281,-0.0069
mi,Filter,15,Prostate_GSE6919_U95Av2,0.6903,0.2024,0.6476,15.0,,Hard,0.7029,-0.0126
mi,Filter,15,Renal_GSE53757,0.8722,0.2291,0.8442,15.0,,Medium,0.8726,-0.0004
mi,Filter,20,Bladder_GSE31189,0.6001,0.1357,0.5587,20.0,,Hard,0.6283,-0.0282
mi,Filter,20,Breast_GSE70947,0.936,0.469,0.8732,20.0,,Medium,0.9346,0.0014
mi,Filter,20,Colorectal_GSE44076,1.0,0.5478,0.9906,20.0,,Easy,0.9998,0.0002
mi,Filter,20,Colorectal_GSE44861,0.896,0.3773,0.8527,20.0,,Medium,0.896,0.0
mi,Filter,20,Leukemia_GSE63270,1.0,0.6629,1.0,20.0,,Easy,1.0,0.0
mi,Filter,20,Liver_GSE14520_U133A,0.9802,0.6704,0.9648,20.0,,Easy,0.9822,-0.002
mi,Filter,20,Liver_GSE76427,0.9753,0.6162,0.9506,20.0,,Easy,0.968,0.0073
mi,Filter,20,Lung_GSE19804,0.9912,0.573,0.9612,20.0,,Easy,0.9878,0.0034
mi,Filter,20,Pancreatic_GSE16515,0.9229,0.2409,0.8502,20.0,,Medium,0.9281,-0.0052
mi,Filter,20,Prostate_GSE6919_U95Av2,0.6904,0.2246,0.6496,20.0,,Hard,0.6908,-0.0004
mi,Filter,20,Renal_GSE53757,0.8653,0.2187,0.8303,20.0,,Medium,0.8707,-0.0054
mi,Filter,30,Bladder_GSE31189,0.6153,0.1394,0.5768,30.0,,Hard,0.6312,-0.0159
mi,Filter,30,Breast_GSE70947,0.9335,0.4789,0.8718,30.0,,Medium,0.9373,-0.0038
mi,Filter,30,Colorectal_GSE44076,1.0,0.5767,0.9895,30.0,,Easy,0.9999,0.0001
mi,Filter,30,Colorectal_GSE44861,0.896,0.4012,0.8434,30.0,,Medium,0.896,0.0
mi,Filter,30,Leukemia_GSE63270,1.0,0.6569,1.0,30.0,,Easy,1.0,0.0
mi,Filter,30,Liver_GSE14520_U133A,0.9814,0.6714,0.9621,30.0,,Easy,0.9832,-0.0018
mi,Filter,30,Liver_GSE76427,0.9758,0.5971,0.9546,30.0,,Easy,0.9685,0.0073
mi,Filter,30,Lung_GSE19804,0.9897,0.5852,0.963,30.0,,Easy,0.989,0.0007
mi,Filter,30,Pancreatic_GSE16515,0.9152,0.2706,0.8556,30.0,,Medium,0.9336,-0.0184
mi,Filter,30,Prostate_GSE6919_U95Av2,0.6773,0.2425,0.6423,30.0,,Hard,0.6777,-0.0004
mi,Filter,30,Renal_GSE53757,0.8589,0.2246,0.8285,30.0,,Medium,0.8678,-0.0089
mi,Filter,50,Bladder_GSE31189,0.6001,0.1397,0.5478,50.0,,Hard,0.651,-0.0509
mi,Filter,50,Breast_GSE70947,0.9369,0.4868,0.8717,50.0,,Medium,0.9363,0.0006
mi,Filter,50,Colorectal_GSE44076,0.9999,0.597,0.9927,50.0,,Easy,0.9999,0.0
mi,Filter,50,Colorectal_GSE44861,0.9029,0.4532,0.8547,50.0,,Medium,0.8956,0.0073
mi,Filter,50,Leukemia_GSE63270,1.0,0.6721,1.0,50.0,,Easy,1.0,0.0
mi,Filter,50,Liver_GSE14520_U133A,0.9808,0.6973,0.961,50.0,,Easy,0.9824,-0.0016
mi,Filter,50,Liver_GSE76427,0.9763,0.6317,0.9469,50.0,,Easy,0.9711,0.0052
mi,Filter,50,Lung_GSE19804,0.9885,0.6094,0.961,50.0,,Easy,0.9885,0.0
mi,Filter,50,Pancreatic_GSE16515,0.9209,0.3292,0.8623,50.0,,Medium,0.9269,-0.006
mi,Filter,50,Prostate_GSE6919_U95Av2,0.6453,0.2846,0.5991,50.0,,Hard,0.6722,-0.0269
mi,Filter,50,Renal_GSE53757,0.8632,0.2374,0.816,50.0,,Medium,0.8676,-0.0044
mrmr,Filter,3,Bladder_GSE31189,0.5353,0.0333,0.5116,3.0,,Hard,0.5353,0.0
mrmr,Filter,3,Breast_GSE70947,0.929,0.4088,0.862,3.0,,Medium,0.9026,0.0264
mrmr,Filter,3,Colorectal_GSE44076,0.9987,0.5589,0.9865,3.0,,Easy,0.9975,0.0012
mrmr,Filter,3,Colorectal_GSE44861,0.9051,0.4621,0.8536,3.0,,Medium,0.8898,0.0153
mrmr,Filter,3,Leukemia_GSE63270,0.9938,0.5311,0.968,3.0,,Easy,0.9965,-0.0027
mrmr,Filter,3,Liver_GSE14520_U133A,0.977,0.9489,0.9631,3.0,,Easy,0.9747,0.0023
mrmr,Filter,3,Liver_GSE76427,0.9699,0.7378,0.9511,3.0,,Easy,0.9678,0.0021
mrmr,Filter,3,Lung_GSE19804,0.981,0.6233,0.9521,3.0,,Easy,0.9788,0.0022
mrmr,Filter,3,Pancreatic_GSE16515,0.9248,0.3222,0.8642,3.0,,Medium,0.8955,0.0293
mrmr,Filter,3,Prostate_GSE6919_U95Av2,0.6707,0.0398,0.6135,3.0,,Hard,0.6976,-0.0269
mrmr,Filter,3,Renal_GSE53757,0.8896,0.3733,0.8539,3.0,,Medium,0.8768,0.0128
mrmr,Filter,5,Bladder_GSE31189,0.5511,0.0259,0.5331,5.0,,Hard,0.5564,-0.0053
mrmr,Filter,5,Breast_GSE70947,0.9403,0.66,0.8822,5.0,,Medium,0.914,0.0263
mrmr,Filter,5,Colorectal_GSE44076,0.9982,0.588,0.9916,5.0,,Easy,0.9982,0.0
mrmr,Filter,5,Colorectal_GSE44861,0.9225,0.6606,0.8782,5.0,,Medium,0.8876,0.0349
mrmr,Filter,5,Leukemia_GSE63270,0.9984,0.7933,0.9869,5.0,,Easy,0.9988,-0.0004
mrmr,Filter,5,Liver_GSE14520_U133A,0.9803,0.894,0.9592,5.0,,Easy,0.9797,0.0006
mrmr,Filter,5,Liver_GSE76427,0.9682,0.7373,0.96,5.0,,Easy,0.9671,0.0011
mrmr,Filter,5,Lung_GSE19804,0.9789,0.7506,0.9503,5.0,,Easy,0.9792,-0.0003
mrmr,Filter,5,Pancreatic_GSE16515,0.9302,0.3833,0.8642,5.0,,Medium,0.9264,0.0038
mrmr,Filter,5,Prostate_GSE6919_U95Av2,0.6935,0.059,0.6349,5.0,,Hard,0.7076,-0.0141
mrmr,Filter,5,Renal_GSE53757,0.8889,0.4953,0.8511,5.0,,Medium,0.8723,0.0166
mrmr,Filter,10,Bladder_GSE31189,0.5887,0.0712,0.5758,10.0,,Hard,0.5965,-0.0078
mrmr,Filter,10,Breast_GSE70947,0.94,0.6679,0.8836,10.0,,Medium,0.9285,0.0115
mrmr,Filter,10,Colorectal_GSE44076,0.9996,0.7123,0.9937,10.0,,Easy,0.9995,0.0001
mrmr,Filter,10,Colorectal_GSE44861,0.9185,0.6689,0.868,10.0,,Medium,0.8916,0.0269
mrmr,Filter,10,Leukemia_GSE63270,0.9992,0.7706,0.9933,10.0,,Easy,1.0,-0.0008
mrmr,Filter,10,Liver_GSE14520_U133A,0.9792,0.8176,0.9564,10.0,,Easy,0.981,-0.0018
mrmr,Filter,10,Liver_GSE76427,0.977,0.887,0.9617,10.0,,Easy,0.9696,0.0074
mrmr,Filter,10,Lung_GSE19804,0.9851,0.6723,0.9592,10.0,,Easy,0.9851,0.0
mrmr,Filter,10,Pancreatic_GSE16515,0.9326,0.3929,0.8712,10.0,,Medium,0.9307,0.0019
mrmr,Filter,10,Prostate_GSE6919_U95Av2,0.6989,0.1377,0.6477,10.0,,Hard,0.7075,-0.0086
mrmr,Filter,10,Renal_GSE53757,0.8856,0.3962,0.8527,10.0,,Medium,0.8714,0.0142
mrmr,Filter,15,Bladder_GSE31189,0.6037,0.1293,0.5781,15.0,,Hard,0.6019,0.0018
mrmr,Filter,15,Breast_GSE70947,0.9416,0.6238,0.8823,15.0,,Medium,0.9319,0.0097
mrmr,Filter,15,Colorectal_GSE44076,0.9997,0.7688,0.9948,15.0,,Easy,0.9998,-0.0001
mrmr,Filter,15,Colorectal_GSE44861,0.9102,0.6091,0.866,15.0,,Medium,0.8924,0.0178
mrmr,Filter,15,Leukemia_GSE63270,1.0,0.7995,0.9967,15.0,,Easy,1.0,0.0
mrmr,Filter,15,Liver_GSE14520_U133A,0.9822,0.7801,0.9603,15.0,,Easy,0.982,0.0002
mrmr,Filter,15,Liver_GSE76427,0.9727,0.8313,0.9597,15.0,,Easy,0.9727,0.0
mrmr,Filter,15,Lung_GSE19804,0.9884,0.6741,0.9574,15.0,,Easy,0.9872,0.0012
mrmr,Filter,15,Pancreatic_GSE16515,0.936,0.3954,0.854,15.0,,Medium,0.9281,0.0079
mrmr,Filter,15,Prostate_GSE6919_U95Av2,0.6876,0.1828,0.6436,15.0,,Hard,0.7029,-0.0153
mrmr,Filter,15,Renal_GSE53757,0.8881,0.3761,0.8555,15.0,,Medium,0.8726,0.0155
mrmr,Filter,20,Bladder_GSE31189,0.6036,0.1587,0.5662,20.0,,Hard,0.6283,-0.0247
mrmr,Filter,20,Breast_GSE70947,0.9372,0.619,0.8794,20.0,,Medium,0.9346,0.0026
mrmr,Filter,20,Colorectal_GSE44076,0.9998,0.8178,0.9948,20.0,,Easy,0.9998,0.0
mrmr,Filter,20,Colorectal_GSE44861,0.912,0.6001,0.8683,20.0,,Medium,0.896,0.016
mrmr,Filter,20,Leukemia_GSE63270,1.0,0.7739,0.9983,20.0,,Easy,1.0,0.0
mrmr,Filter,20,Liver_GSE14520_U133A,0.9818,0.8312,0.9614,20.0,,Easy,0.9822,-0.0004
mrmr,Filter,20,Liver_GSE76427,0.968,0.8189,0.9557,20.0,,Easy,0.968,0.0
mrmr,Filter,20,Lung_GSE19804,0.9924,0.7147,0.963,20.0,,Easy,0.9878,0.0046
mrmr,Filter,20,Pancreatic_GSE16515,0.934,0.4368,0.8407,20.0,,Medium,0.9281,0.0059
mrmr,Filter,20,Prostate_GSE6919_U95Av2,0.6908,0.2144,0.6278,20.0,,Hard,0.6908,0.0
mrmr,Filter,20,Renal_GSE53757,0.8817,0.3828,0.8539,20.0,,Medium,0.8707,0.011
mrmr,Filter,30,Bladder_GSE31189,0.6455,0.2021,0.6189,30.0,,Hard,0.6312,0.0143
mrmr,Filter,30,Breast_GSE70947,0.9373,0.6241,0.8767,30.0,,Medium,0.9373,0.0
mrmr,Filter,30,Colorectal_GSE44076,0.9999,0.8138,0.9948,30.0,,Easy,0.9999,0.0
mrmr,Filter,30,Colorectal_GSE44861,0.8996,0.5675,0.8543,30.0,,Medium,0.896,0.0036
mrmr,Filter,30,Leukemia_GSE63270,1.0,0.7173,0.9983,30.0,,Easy,1.0,0.0
mrmr,Filter,30,Liver_GSE14520_U133A,0.983,0.8048,0.9636,30.0,,Easy,0.9832,-0.0002
mrmr,Filter,30,Liver_GSE76427,0.9659,0.8575,0.9509,30.0,,Easy,0.9685,-0.0026
mrmr,Filter,30,Lung_GSE19804,0.9915,0.765,0.9594,30.0,,Easy,0.989,0.0025
mrmr,Filter,30,Pancreatic_GSE16515,0.9417,0.4668,0.8327,30.0,,Medium,0.9336,0.0081
mrmr,Filter,30,Prostate_GSE6919_U95Av2,0.6777,0.2611,0.638,30.0,,Hard,0.6777,0.0
mrmr,Filter,30,Renal_GSE53757,0.8832,0.4061,0.843,30.0,,Medium,0.8678,0.0154
mrmr,Filter,50,Bladder_GSE31189,0.6794,0.2557,0.6224,50.0,,Hard,0.651,0.0284
mrmr,Filter,50,Breast_GSE70947,0.9363,0.6378,0.8835,50.0,,Medium,0.9363,0.0
mrmr,Filter,50,Colorectal_GSE44076,0.9999,0.7989,0.9927,50.0,,Easy,0.9999,0.0
mrmr,Filter,50,Colorectal_GSE44861,0.8956,0.6121,0.8203,50.0,,Medium,0.8956,0.0
mrmr,Filter,50,Leukemia_GSE63270,1.0,0.7564,1.0,50.0,,Easy,1.0,0.0
mrmr,Filter,50,Liver_GSE14520_U133A,0.9824,0.8094,0.9631,50.0,,Easy,0.9824,0.0
mrmr,Filter,50,Liver_GSE76427,0.9744,0.8256,0.9426,50.0,,Easy,0.9711,0.0033
mrmr,Filter,50,Lung_GSE19804,0.9909,0.7616,0.9542,50.0,,Easy,0.9885,0.0024
mrmr,Filter,50,Pancreatic_GSE16515,0.934,0.5246,0.8439,50.0,,Medium,0.9269,0.0071
mrmr,Filter,50,Prostate_GSE6919_U95Av2,0.6874,0.3101,0.6245,50.0,,Hard,0.6722,0.0152
mrmr,Filter,50,Renal_GSE53757,0.8813,0.4323,0.8415,50.0,,Medium,0.8676,0.0137
relieff,Filter,3,Bladder_GSE31189,0.6433,0.1977,0.6075,3.0,,Hard,0.5353,0.108
relieff,Filter,3,Breast_GSE70947,0.9165,0.6133,0.8338,3.0,,Medium,0.9026,0.0139
relieff,Filter,3,Colorectal_GSE44076,0.9918,0.74,0.9823,3.0,,Easy,0.9975,-0.0057
relieff,Filter,3,Colorectal_GSE44861,0.908,0.6511,0.8602,3.0,,Medium,0.8898,0.0182
relieff,Filter,3,Leukemia_GSE63270,0.9902,0.66,0.9644,3.0,,Easy,0.9965,-0.0063
relieff,Filter,3,Liver_GSE14520_U133A,0.9714,0.8378,0.944,3.0,,Easy,0.9747,-0.0033
relieff,Filter,3,Liver_GSE76427,0.9764,0.8055,0.9491,3.0,,Easy,0.9678,0.0086
relieff,Filter,3,Lung_GSE19804,0.9924,0.6689,0.9662,3.0,,Easy,0.9788,0.0136
relieff,Filter,3,Pancreatic_GSE16515,0.9412,0.3744,0.8556,3.0,,Medium,0.8955,0.0457
relieff,Filter,3,Prostate_GSE6919_U95Av2,0.6847,0.1665,0.6362,3.0,,Hard,0.6976,-0.0129
relieff,Filter,3,Renal_GSE53757,0.8809,0.3166,0.8468,3.0,,Medium,0.8768,0.0041
relieff,Filter,5,Bladder_GSE31189,0.6814,0.2246,0.6211,5.0,,Hard,0.5564,0.125
relieff,Filter,5,Breast_GSE70947,0.9209,0.5986,0.8491,5.0,,Medium,0.914,0.0069
relieff,Filter,5,Colorectal_GSE44076,0.9944,0.594,0.9875,5.0,,Easy,0.9982,-0.0038
relieff,Filter,5,Colorectal_GSE44861,0.9091,0.6366,0.8445,5.0,,Medium,0.8876,0.0215
relieff,Filter,5,Leukemia_GSE63270,0.9943,0.6433,0.9753,5.0,,Easy,0.9988,-0.0045
relieff,Filter,5,Liver_GSE14520_U133A,0.9737,0.6499,0.9553,5.0,,Easy,0.9797,-0.006
relieff,Filter,5,Liver_GSE76427,0.9708,0.8427,0.9443,5.0,,Easy,0.9671,0.0037
relieff,Filter,5,Lung_GSE19804,0.9912,0.7753,0.9735,5.0,,Easy,0.9792,0.012
relieff,Filter,5,Pancreatic_GSE16515,0.9431,0.4886,0.8784,5.0,,Medium,0.9264,0.0167
relieff,Filter,5,Prostate_GSE6919_U95Av2,0.7254,0.2577,0.6632,5.0,,Hard,0.7076,0.0178
relieff,Filter,5,Renal_GSE53757,0.881,0.3233,0.8566,5.0,,Medium,0.8723,0.0087
relieff,Filter,10,Bladder_GSE31189,0.6639,0.1865,0.601,10.0,,Hard,0.5965,0.0674
relieff,Filter,10,Breast_GSE70947,0.9298,0.5902,0.8666,10.0,,Medium,0.9285,0.0013
relieff,Filter,10,Colorectal_GSE44076,0.9995,0.6539,0.9948,10.0,,Easy,0.9995,0.0
relieff,Filter,10,Colorectal_GSE44861,0.9044,0.6588,0.8574,10.0,,Medium,0.8916,0.0128
relieff,Filter,10,Leukemia_GSE63270,0.9988,0.6489,0.9769,10.0,,Easy,1.0,-0.0012
relieff,Filter,10,Liver_GSE14520_U133A,0.9748,0.6195,0.9581,10.0,,Easy,0.981,-0.0062
relieff,Filter,10,Liver_GSE76427,0.9751,0.85,0.9497,10.0,,Easy,0.9696,0.0055
relieff,Filter,10,Lung_GSE19804,0.99,0.7923,0.9735,10.0,,Easy,0.9851,0.0049
relieff,Filter,10,Pancreatic_GSE16515,0.951,0.6943,0.8518,10.0,,Medium,0.9307,0.0203
relieff,Filter,10,Prostate_GSE6919_U95Av2,0.7137,0.2991,0.6667,10.0,,Hard,0.7075,0.0062
relieff,Filter,10,Renal_GSE53757,0.8809,0.3275,0.8607,10.0,,Medium,0.8714,0.0095
relieff,Filter,15,Bladder_GSE31189,0.6536,0.1782,0.6093,15.0,,Hard,0.6019,0.0517
relieff,Filter,15,Breast_GSE70947,0.9349,0.6165,0.8632,15.0,,Medium,0.9319,0.003
relieff,Filter,15,Colorectal_GSE44076,0.9996,0.7526,0.9948,15.0,,Easy,0.9998,-0.0002
relieff,Filter,15,Colorectal_GSE44861,0.9069,0.7309,0.8629,15.0,,Medium,0.8924,0.0145
relieff,Filter,15,Leukemia_GSE63270,0.9996,0.7264,0.9869,15.0,,Easy,1.0,-0.0004
relieff,Filter,15,Liver_GSE14520_U133A,0.9797,0.708,0.9581,15.0,,Easy,0.982,-0.0023
relieff,Filter,15,Liver_GSE76427,0.9779,0.7835,0.9517,15.0,,Easy,0.9727,0.0052
relieff,Filter,15,Lung_GSE19804,0.9893,0.8444,0.9718,15.0,,Easy,0.9872,0.0021
relieff,Filter,15,Pancreatic_GSE16515,0.9564,0.7033,0.8623,15.0,,Medium,0.9281,0.0283
relieff,Filter,15,Prostate_GSE6919_U95Av2,0.7094,0.347,0.6471,15.0,,Hard,0.7029,0.0065
relieff,Filter,15,Renal_GSE53757,0.8764,0.3529,0.8592,15.0,,Medium,0.8726,0.0038
relieff,Filter,20,Bladder_GSE31189,0.6503,0.1975,0.6178,20.0,,Hard,0.6283,0.022
relieff,Filter,20,Breast_GSE70947,0.9378,0.6335,0.8702,20.0,,Medium,0.9346,0.0032
relieff,Filter,20,Colorectal_GSE44076,0.9997,0.7654,0.9948,20.0,,Easy,0.9998,-0.0001
relieff,Filter,20,Colorectal_GSE44861,0.9215,0.7408,0.8667,20.0,,Medium,0.896,0.0255
relieff,Filter,20,Leukemia_GSE63270,1.0,0.7753,0.9917,20.0,,Easy,1.0,0.0
relieff,Filter,20,Liver_GSE14520_U133A,0.9797,0.7605,0.9614,20.0,,Easy,0.9822,-0.0025
relieff,Filter,20,Liver_GSE76427,0.9701,0.7296,0.9497,20.0,,Easy,0.968,0.0021
relieff,Filter,20,Lung_GSE19804,0.9897,0.7998,0.9701,20.0,,Easy,0.9878,0.0019
relieff,Filter,20,Pancreatic_GSE16515,0.9433,0.6599,0.8537,20.0,,Medium,0.9281,0.0152
relieff,Filter,20,Prostate_GSE6919_U95Av2,0.7121,0.3627,0.6501,20.0,,Hard,0.6908,0.0213
relieff,Filter,20,Renal_GSE53757,0.8668,0.3596,0.8591,20.0,,Medium,0.8707,-0.0039
relieff,Filter,30,Bladder_GSE31189,0.6499,0.1953,0.6021,30.0,,Hard,0.6312,0.0187
relieff,Filter,30,Breast_GSE70947,0.9409,0.6418,0.8778,30.0,,Medium,0.9373,0.0036
relieff,Filter,30,Colorectal_GSE44076,0.9999,0.8193,0.9948,30.0,,Easy,0.9999,0.0
relieff,Filter,30,Colorectal_GSE44861,0.9222,0.7334,0.8669,30.0,,Medium,0.896,0.0262
relieff,Filter,30,Leukemia_GSE63270,1.0,0.8257,0.9933,30.0,,Easy,1.0,0.0
relieff,Filter,30,Liver_GSE14520_U133A,0.9814,0.8106,0.9625,30.0,,Easy,0.9832,-0.0018
relieff,Filter,30,Liver_GSE76427,0.971,0.7318,0.9409,30.0,,Easy,0.9685,0.0025
relieff,Filter,30,Lung_GSE19804,0.9903,0.7141,0.9595,30.0,,Easy,0.989,0.0013
relieff,Filter,30,Pancreatic_GSE16515,0.936,0.6321,0.8575,30.0,,Medium,0.9336,0.0024
relieff,Filter,30,Prostate_GSE6919_U95Av2,0.697,0.3707,0.6363,30.0,,Hard,0.6777,0.0193
relieff,Filter,30,Renal_GSE53757,0.8678,0.3611,0.8408,30.0,,Medium,0.8678,0.0
relieff,Filter,50,Bladder_GSE31189,0.6952,0.213,0.6357,50.0,,Hard,0.651,0.0442
relieff,Filter,50,Breast_GSE70947,0.949,0.6955,0.8931,50.0,,Medium,0.9363,0.0127
relieff,Filter,50,Colorectal_GSE44076,1.0,0.8349,0.9948,50.0,,Easy,0.9999,0.0001
relieff,Filter,50,Colorectal_GSE44861,0.92,0.7205,0.8603,50.0,,Medium,0.8956,0.0244
relieff,Filter,50,Leukemia_GSE63270,1.0,0.7644,0.9983,50.0,,Easy,1.0,0.0
relieff,Filter,50,Liver_GSE14520_U133A,0.9775,0.8015,0.9614,50.0,,Easy,0.9824,-0.0049
relieff,Filter,50,Liver_GSE76427,0.9718,0.8009,0.9446,50.0,,Easy,0.9711,0.0007
relieff,Filter,50,Lung_GSE19804,0.9912,0.7137,0.9541,50.0,,Easy,0.9885,0.0027
relieff,Filter,50,Pancreatic_GSE16515,0.93,0.6709,0.8537,50.0,,Medium,0.9269,0.0031
relieff,Filter,50,Prostate_GSE6919_U95Av2,0.7042,0.4013,0.6554,50.0,,Hard,0.6722,0.032
relieff,Filter,50,Renal_GSE53757,0.8616,0.3724,0.8325,50.0,,Medium,0.8676,-0.006
l1_logistic,Embedded,3,Bladder_GSE31189,0.5435,0.0977,0.553,3.0,,Hard,0.5353,0.0082
l1_logistic,Embedded,3,Breast_GSE70947,0.8762,0.1955,0.8025,3.0,,Medium,0.9026,-0.0264
l1_logistic,Embedded,3,Colorectal_GSE44076,0.9986,0.1655,0.9906,3.0,,Easy,0.9975,0.0011
l1_logistic,Embedded,3,Colorectal_GSE44861,0.9073,0.471,0.8553,3.0,,Medium,0.8898,0.0175
l1_logistic,Embedded,3,Leukemia_GSE63270,0.9971,0.4966,0.9817,3.0,,Easy,0.9965,0.0006
l1_logistic,Embedded,3,Liver_GSE14520_U133A,0.9692,0.2888,0.9547,3.0,,Easy,0.9747,-0.0055
l1_logistic,Embedded,3,Liver_GSE76427,0.9668,0.4333,0.9285,3.0,,Easy,0.9678,-0.001
l1_logistic,Embedded,3,Lung_GSE19804,0.9892,0.3355,0.9574,3.0,,Easy,0.9788,0.0104
l1_logistic,Embedded,3,Pancreatic_GSE16515,0.9324,0.3122,0.8737,3.0,,Medium,0.8955,0.0369
l1_logistic,Embedded,3,Prostate_GSE6919_U95Av2,0.6852,0.1987,0.654,3.0,,Hard,0.6976,-0.0124
l1_logistic,Embedded,3,Renal_GSE53757,0.794,0.0566,0.7547,3.0,,Medium,0.8768,-0.0828
l1_logistic,Embedded,5,Bladder_GSE31189,0.5564,0.1293,0.5276,5.0,,Hard,0.5564,0.0
l1_logistic,Embedded,5,Breast_GSE70947,0.905,0.2826,0.8415,5.0,,Medium,0.914,-0.009
l1_logistic,Embedded,5,Colorectal_GSE44076,0.9978,0.2559,0.9948,5.0,,Easy,0.9982,-0.0004
l1_logistic,Embedded,5,Colorectal_GSE44861,0.9087,0.4725,0.8569,5.0,,Medium,0.8876,0.0211
l1_logistic,Embedded,5,Leukemia_GSE63270,1.0,0.582,0.9933,5.0,,Easy,0.9988,0.0012
l1_logistic,Embedded,5,Liver_GSE14520_U133A,0.9721,0.3118,0.957,5.0,,Easy,0.9797,-0.0076
l1_logistic,Embedded,5,Liver_GSE76427,0.9671,0.3846,0.9305,5.0,,Easy,0.9671,0.0
l1_logistic,Embedded,5,Lung_GSE19804,0.9887,0.4506,0.9579,5.0,,Easy,0.9792,0.0095
l1_logistic,Embedded,5,Pancreatic_GSE16515,0.9264,0.2633,0.8489,5.0,,Medium,0.9264,0.0
l1_logistic,Embedded,5,Prostate_GSE6919_U95Av2,0.6959,0.207,0.6372,5.0,,Hard,0.7076,-0.0117
l1_logistic,Embedded,5,Renal_GSE53757,0.8249,0.0752,0.7967,5.0,,Medium,0.8723,-0.0474
l1_logistic,Embedded,10,Bladder_GSE31189,0.5965,0.1558,0.5755,10.0,,Hard,0.5965,0.0
l1_logistic,Embedded,10,Breast_GSE70947,0.9299,0.3085,0.871,10.0,,Medium,0.9285,0.0014
l1_logistic,Embedded,10,Colorectal_GSE44076,0.9995,0.3795,0.9948,10.0,,Easy,0.9995,0.0
l1_logistic,Embedded,10,Colorectal_GSE44861,0.8927,0.3937,0.8507,10.0,,Medium,0.8916,0.0011
l1_logistic,Embedded,10,Leukemia_GSE63270,1.0,0.6396,0.9983,10.0,,Easy,1.0,0.0
l1_logistic,Embedded,10,Liver_GSE14520_U133A,0.9774,0.3644,0.9615,10.0,,Easy,0.981,-0.0036
l1_logistic,Embedded,10,Liver_GSE76427,0.9649,0.4252,0.9374,10.0,,Easy,0.9696,-0.0047
l1_logistic,Embedded,10,Lung_GSE19804,0.9897,0.5222,0.9594,10.0,,Easy,0.9851,0.0046
l1_logistic,Embedded,10,Pancreatic_GSE16515,0.9307,0.5132,0.855,10.0,,Medium,0.9307,0.0
l1_logistic,Embedded,10,Prostate_GSE6919_U95Av2,0.6979,0.213,0.6267,10.0,,Hard,0.7075,-0.0096
l1_logistic,Embedded,10,Renal_GSE53757,0.8398,0.1112,0.8057,10.0,,Medium,0.8714,-0.0316
l1_logistic,Embedded,15,Bladder_GSE31189,0.5983,0.1733,0.5765,15.0,,Hard,0.6019,-0.0036
l1_logistic,Embedded,15,Breast_GSE70947,0.9323,0.3553,0.8773,15.0,,Medium,0.9319,0.0004
l1_logistic,Embedded,15,Colorectal_GSE44076,0.9995,0.4347,0.9948,15.0,,Easy,0.9998,-0.0003
l1_logistic,Embedded,15,Colorectal_GSE44861,0.8887,0.4169,0.8427,15.0,,Medium,0.8924,-0.0037
l1_logistic,Embedded,15,Leukemia_GSE63270,1.0,0.6817,1.0,15.0,,Easy,1.0,0.0
l1_logistic,Embedded,15,Liver_GSE14520_U133A,0.9826,0.4234,0.9649,15.0,,Easy,0.982,0.0006
l1_logistic,Embedded,15,Liver_GSE76427,0.9633,0.4687,0.9451,15.0,,Easy,0.9727,-0.0094
l1_logistic,Embedded,15,Lung_GSE19804,0.9905,0.517,0.9561,15.0,,Easy,0.9872,0.0033
l1_logistic,Embedded,15,Pancreatic_GSE16515,0.9288,0.6755,0.8508,15.0,,Medium,0.9281,0.0007
l1_logistic,Embedded,15,Prostate_GSE6919_U95Av2,0.6996,0.2424,0.6387,15.0,,Hard,0.7029,-0.0033
l1_logistic,Embedded,15,Renal_GSE53757,0.8485,0.1455,0.8229,15.0,,Medium,0.8726,-0.0241
l1_logistic,Embedded,20,Bladder_GSE31189,0.6056,0.2966,0.5826,20.0,,Hard,0.6283,-0.0227
l1_logistic,Embedded,20,Breast_GSE70947,0.9376,0.3753,0.8864,20.0,,Medium,0.9346,0.003
l1_logistic,Embedded,20,Colorectal_GSE44076,0.9999,0.4491,0.9948,20.0,,Easy,0.9998,0.0001
l1_logistic,Embedded,20,Colorectal_GSE44861,0.8876,0.5269,0.8445,20.0,,Medium,0.896,-0.0084
l1_logistic,Embedded,20,Leukemia_GSE63270,1.0,0.6702,1.0,20.0,,Easy,1.0,0.0
l1_logistic,Embedded,20,Liver_GSE14520_U133A,0.9852,0.4483,0.9671,20.0,,Easy,0.9822,0.003
l1_logistic,Embedded,20,Liver_GSE76427,0.967,0.4985,0.944,20.0,,Easy,0.968,-0.001
l1_logistic,Embedded,20,Lung_GSE19804,0.9902,0.5337,0.9579,20.0,,Easy,0.9878,0.0024
l1_logistic,Embedded,20,Pancreatic_GSE16515,0.9231,0.7566,0.8445,20.0,,Medium,0.9281,-0.005
l1_logistic,Embedded,20,Prostate_GSE6919_U95Av2,0.6978,0.2458,0.6256,20.0,,Hard,0.6908,0.007
l1_logistic,Embedded,20,Renal_GSE53757,0.8538,0.1765,0.817,20.0,,Medium,0.8707,-0.0169
l1_logistic,Embedded,30,Bladder_GSE31189,0.6045,0.5295,0.5711,30.0,,Hard,0.6312,-0.0267
l1_logistic,Embedded,30,Breast_GSE70947,0.9372,0.4122,0.8959,30.0,,Medium,0.9373,-0.0001
l1_logistic,Embedded,30,Colorectal_GSE44076,1.0,0.4767,0.9948,30.0,,Easy,0.9999,0.0001
l1_logistic,Embedded,30,Colorectal_GSE44861,0.8942,0.6824,0.8469,30.0,,Medium,0.896,-0.0018
l1_logistic,Embedded,30,Leukemia_GSE63270,1.0,0.7751,1.0,30.0,,Easy,1.0,0.0
l1_logistic,Embedded,30,Liver_GSE14520_U133A,0.9851,0.4692,0.9704,30.0,,Easy,0.9832,0.0019
l1_logistic,Embedded,30,Liver_GSE76427,0.9685,0.5026,0.9509,30.0,,Easy,0.9685,0.0
l1_logistic,Embedded,30,Lung_GSE19804,0.9915,0.512,0.9544,30.0,,Easy,0.989,0.0025
l1_logistic,Embedded,30,Pancreatic_GSE16515,0.9231,0.8377,0.8388,30.0,,Medium,0.9336,-0.0105
l1_logistic,Embedded,30,Prostate_GSE6919_U95Av2,0.6849,0.4074,0.624,30.0,,Hard,0.6777,0.0072
l1_logistic,Embedded,30,Renal_GSE53757,0.8558,0.2173,0.8187,30.0,,Medium,0.8678,-0.012
l1_logistic,Embedded,50,Bladder_GSE31189,0.617,0.7176,0.5907,50.0,,Hard,0.651,-0.034
l1_logistic,Embedded,50,Breast_GSE70947,0.9459,0.4361,0.9041,50.0,,Medium,0.9363,0.0096
l1_logistic,Embedded,50,Colorectal_GSE44076,1.0,0.486,0.9958,50.0,,Easy,0.9999,0.0001
l1_logistic,Embedded,50,Colorectal_GSE44861,0.8905,0.8092,0.842,50.0,,Medium,0.8956,-0.0051
l1_logistic,Embedded,50,Leukemia_GSE63270,1.0,0.865,1.0,50.0,,Easy,1.0,0.0
l1_logistic,Embedded,50,Liver_GSE14520_U133A,0.9868,0.4957,0.9721,50.0,,Easy,0.9824,0.0044
l1_logistic,Embedded,50,Liver_GSE76427,0.9708,0.6948,0.9449,50.0,,Easy,0.9711,-0.0003
l1_logistic,Embedded,50,Lung_GSE19804,0.9912,0.6899,0.9576,50.0,,Easy,0.9885,0.0027
l1_logistic,Embedded,50,Pancreatic_GSE16515,0.9181,0.9026,0.823,50.0,,Medium,0.9269,-0.0088
l1_logistic,Embedded,50,Prostate_GSE6919_U95Av2,0.6736,0.6439,0.611,50.0,,Hard,0.6722,0.0014
l1_logistic,Embedded,50,Renal_GSE53757,0.8596,0.2642,0.823,50.0,,Medium,0.8676,-0.008
elasticnet,Embedded,3,Bladder_GSE31189,0.516,0.11,0.5272,3.0,,Hard,0.5353,-0.0193
elasticnet,Embedded,3,Breast_GSE70947,0.8747,0.1899,0.8111,3.0,,Medium,0.9026,-0.0279
elasticnet,Embedded,3,Colorectal_GSE44076,0.9965,0.4889,0.9906,3.0,,Easy,0.9975,-0.001
elasticnet,Embedded,3,Colorectal_GSE44861,0.8742,0.3321,0.8243,3.0,,Medium,0.8898,-0.0156
elasticnet,Embedded,3,Leukemia_GSE63270,1.0,0.5533,0.9833,3.0,,Easy,0.9965,0.0035
elasticnet,Embedded,3,Liver_GSE14520_U133A,0.964,0.2788,0.93,3.0,,Easy,0.9747,-0.0107
elasticnet,Embedded,3,Liver_GSE76427,0.9551,0.31,0.8988,3.0,,Easy,0.9678,-0.0127
elasticnet,Embedded,3,Lung_GSE19804,0.9815,0.4855,0.938,3.0,,Easy,0.9788,0.0027
elasticnet,Embedded,3,Pancreatic_GSE16515,0.8955,0.2433,0.8144,3.0,,Medium,0.8955,0.0
elasticnet,Embedded,3,Prostate_GSE6919_U95Av2,0.6596,0.1642,0.6273,3.0,,Hard,0.6976,-0.038
elasticnet,Embedded,3,Renal_GSE53757,0.8409,0.0733,0.7984,3.0,,Medium,0.8768,-0.0359
elasticnet,Embedded,5,Bladder_GSE31189,0.559,0.1313,0.5443,5.0,,Hard,0.5564,0.0026
elasticnet,Embedded,5,Breast_GSE70947,0.9118,0.2686,0.8475,5.0,,Medium,0.914,-0.0022
elasticnet,Embedded,5,Colorectal_GSE44076,0.9966,0.5566,0.9927,5.0,,Easy,0.9982,-0.0016
elasticnet,Embedded,5,Colorectal_GSE44861,0.8778,0.3545,0.8149,5.0,,Medium,0.8876,-0.0098
elasticnet,Embedded,5,Leukemia_GSE63270,0.9996,0.5946,0.9917,5.0,,Easy,0.9988,0.0008
elasticnet,Embedded,5,Liver_GSE14520_U133A,0.9744,0.3479,0.9514,5.0,,Easy,0.9797,-0.0053
elasticnet,Embedded,5,Liver_GSE76427,0.9604,0.3366,0.919,5.0,,Easy,0.9671,-0.0067
elasticnet,Embedded,5,Lung_GSE19804,0.9842,0.51,0.9524,5.0,,Easy,0.9792,0.005
elasticnet,Embedded,5,Pancreatic_GSE16515,0.9321,0.3106,0.8579,5.0,,Medium,0.9264,0.0057
elasticnet,Embedded,5,Prostate_GSE6919_U95Av2,0.6705,0.2044,0.6028,5.0,,Hard,0.7076,-0.0371
elasticnet,Embedded,5,Renal_GSE53757,0.8572,0.1186,0.8346,5.0,,Medium,0.8723,-0.0151
elasticnet,Embedded,10,Bladder_GSE31189,0.6018,0.1842,0.5746,10.0,,Hard,0.5965,0.0053
elasticnet,Embedded,10,Breast_GSE70947,0.9356,0.3612,0.8871,10.0,,Medium,0.9285,0.0071
elasticnet,Embedded,10,Colorectal_GSE44076,0.9996,0.7069,0.9948,10.0,,Easy,0.9995,0.0001
elasticnet,Embedded,10,Colorectal_GSE44861,0.8687,0.3144,0.826,10.0,,Medium,0.8916,-0.0229
elasticnet,Embedded,10,Leukemia_GSE63270,1.0,0.7116,0.9983,10.0,,Easy,1.0,0.0
elasticnet,Embedded,10,Liver_GSE14520_U133A,0.9798,0.4077,0.957,10.0,,Easy,0.981,-0.0012
elasticnet,Embedded,10,Liver_GSE76427,0.9675,0.4165,0.9414,10.0,,Easy,0.9696,-0.0021
elasticnet,Embedded,10,Lung_GSE19804,0.9887,0.4999,0.9541,10.0,,Easy,0.9851,0.0036
elasticnet,Embedded,10,Pancreatic_GSE16515,0.9417,0.3545,0.8565,10.0,,Medium,0.9307,0.011
elasticnet,Embedded,10,Prostate_GSE6919_U95Av2,0.6958,0.2174,0.6359,10.0,,Hard,0.7075,-0.0117
elasticnet,Embedded,10,Renal_GSE53757,0.862,0.1782,0.8485,10.0,,Medium,0.8714,-0.0094
elasticnet,Embedded,15,Bladder_GSE31189,0.6481,0.2036,0.6019,15.0,,Hard,0.6019,0.0462
elasticnet,Embedded,15,Breast_GSE70947,0.9427,0.3926,0.8828,15.0,,Medium,0.9319,0.0108
elasticnet,Embedded,15,Colorectal_GSE44076,1.0,0.7939,0.9948,15.0,,Easy,0.9998,0.0002
elasticnet,Embedded,15,Colorectal_GSE44861,0.86,0.3371,0.8198,15.0,,Medium,0.8924,-0.0324
elasticnet,Embedded,15,Leukemia_GSE63270,1.0,0.8311,0.9983,15.0,,Easy,1.0,0.0
elasticnet,Embedded,15,Liver_GSE14520_U133A,0.9827,0.4312,0.9631,15.0,,Easy,0.982,0.0007
elasticnet,Embedded,15,Liver_GSE76427,0.9645,0.45,0.95,15.0,,Easy,0.9727,-0.0082
elasticnet,Embedded,15,Lung_GSE19804,0.9887,0.4887,0.9489,15.0,,Easy,0.9872,0.0015
elasticnet,Embedded,15,Pancreatic_GSE16515,0.9433,0.3938,0.8518,15.0,,Medium,0.9281,0.0152
elasticnet,Embedded,15,Prostate_GSE6919_U95Av2,0.6897,0.228,0.6355,15.0,,Hard,0.7029,-0.0132
elasticnet,Embedded,15,Renal_GSE53757,0.8586,0.216,0.8484,15.0,,Medium,0.8726,-0.014
elasticnet,Embedded,20,Bladder_GSE31189,0.6484,0.2172,0.609,20.0,,Hard,0.6283,0.0201
elasticnet,Embedded,20,Breast_GSE70947,0.9472,0.4138,0.8892,20.0,,Medium,0.9346,0.0126
elasticnet,Embedded,20,Colorectal_GSE44076,1.0,0.7814,0.9948,20.0,,Easy,0.9998,0.0002
elasticnet,Embedded,20,Colorectal_GSE44861,0.864,0.3461,0.8369,20.0,,Medium,0.896,-0.032
elasticnet,Embedded,20,Leukemia_GSE63270,1.0,0.7786,1.0,20.0,,Easy,1.0,0.0
elasticnet,Embedded,20,Liver_GSE14520_U133A,0.985,0.4722,0.9676,20.0,,Easy,0.9822,0.0028
elasticnet,Embedded,20,Liver_GSE76427,0.9654,0.4633,0.9497,20.0,,Easy,0.968,-0.0026
elasticnet,Embedded,20,Lung_GSE19804,0.9878,0.5178,0.9524,20.0,,Easy,0.9878,0.0
elasticnet,Embedded,20,Pancreatic_GSE16515,0.9338,0.3904,0.8461,20.0,,Medium,0.9281,0.0057
elasticnet,Embedded,20,Prostate_GSE6919_U95Av2,0.6894,0.246,0.6306,20.0,,Hard,0.6908,-0.0014
elasticnet,Embedded,20,Renal_GSE53757,0.8577,0.2506,0.8456,20.0,,Medium,0.8707,-0.013
elasticnet,Embedded,30,Bladder_GSE31189,0.6514,0.2209,0.5912,30.0,,Hard,0.6312,0.0202
elasticnet,Embedded,30,Breast_GSE70947,0.9492,0.4746,0.8898,30.0,,Medium,0.9373,0.0119
elasticnet,Embedded,30,Colorectal_GSE44076,1.0,0.7321,0.9948,30.0,,Easy,0.9999,0.0001
elasticnet,Embedded,30,Colorectal_GSE44861,0.8655,0.3605,0.8369,30.0,,Medium,0.896,-0.0305
elasticnet,Embedded,30,Leukemia_GSE63270,1.0,0.7245,1.0,30.0,,Easy,1.0,0.0
elasticnet,Embedded,30,Liver_GSE14520_U133A,0.9867,0.4937,0.9687,30.0,,Easy,0.9832,0.0035
elasticnet,Embedded,30,Liver_GSE76427,0.969,0.4709,0.9517,30.0,,Easy,0.9685,0.0005
elasticnet,Embedded,30,Lung_GSE19804,0.9899,0.5214,0.9524,30.0,,Easy,0.989,0.0009
elasticnet,Embedded,30,Pancreatic_GSE16515,0.9338,0.374,0.8394,30.0,,Medium,0.9336,0.0002
elasticnet,Embedded,30,Prostate_GSE6919_U95Av2,0.6737,0.2393,0.6197,30.0,,Hard,0.6777,-0.004
elasticnet,Embedded,30,Renal_GSE53757,0.8579,0.279,0.8428,30.0,,Medium,0.8678,-0.0099
elasticnet,Embedded,50,Bladder_GSE31189,0.6716,0.2356,0.5964,50.0,,Hard,0.651,0.0206
elasticnet,Embedded,50,Breast_GSE70947,0.9463,0.5062,0.8905,50.0,,Medium,0.9363,0.01
elasticnet,Embedded,50,Colorectal_GSE44076,1.0,0.6892,0.9948,50.0,,Easy,0.9999,0.0001
elasticnet,Embedded,50,Colorectal_GSE44861,0.8669,0.4103,0.8427,50.0,,Medium,0.8956,-0.0287
elasticnet,Embedded,50,Leukemia_GSE63270,1.0,0.6932,1.0,50.0,,Easy,1.0,0.0
elasticnet,Embedded,50,Liver_GSE14520_U133A,0.9881,0.5388,0.9704,50.0,,Easy,0.9824,0.0057
elasticnet,Embedded,50,Liver_GSE76427,0.9696,0.5011,0.9489,50.0,,Easy,0.9711,-0.0015
elasticnet,Embedded,50,Lung_GSE19804,0.9893,0.5349,0.9559,50.0,,Easy,0.9885,0.0008
elasticnet,Embedded,50,Pancreatic_GSE16515,0.9357,0.3986,0.8423,50.0,,Medium,0.9269,0.0088
elasticnet,Embedded,50,Prostate_GSE6919_U95Av2,0.6722,0.2352,0.6186,50.0,,Hard,0.6722,0.0
elasticnet,Embedded,50,Renal_GSE53757,0.8569,0.2831,0.8215,50.0,,Medium,0.8676,-0.0107
linearsvc_l1,Embedded,3,Bladder_GSE31189,0.5838,0.0888,0.5603,3.0,,Hard,0.5353,0.0485
linearsvc_l1,Embedded,3,Breast_GSE70947,0.8627,0.0888,0.7952,3.0,,Medium,0.9026,-0.0399
linearsvc_l1,Embedded,3,Colorectal_GSE44076,0.9978,0.4689,0.9948,3.0,,Easy,0.9975,0.0003
linearsvc_l1,Embedded,3,Colorectal_GSE44861,0.8454,0.1688,0.8018,3.0,,Medium,0.8898,-0.0444
linearsvc_l1,Embedded,3,Leukemia_GSE63270,0.9992,0.4911,0.9836,3.0,,Easy,0.9965,0.0027
linearsvc_l1,Embedded,3,Liver_GSE14520_U133A,0.9635,0.2643,0.9291,3.0,,Easy,0.9747,-0.0112
linearsvc_l1,Embedded,3,Liver_GSE76427,0.9603,0.2488,0.9004,3.0,,Easy,0.9678,-0.0075
linearsvc_l1,Embedded,3,Lung_GSE19804,0.9698,0.1866,0.908,3.0,,Easy,0.9788,-0.009
linearsvc_l1,Embedded,3,Pancreatic_GSE16515,0.894,0.2055,0.8039,3.0,,Medium,0.8955,-0.0015
linearsvc_l1,Embedded,3,Prostate_GSE6919_U95Av2,0.5983,0.1031,0.5677,3.0,,Hard,0.6976,-0.0993
linearsvc_l1,Embedded,3,Renal_GSE53757,0.8409,0.0555,0.8083,3.0,,Medium,0.8768,-0.0359
linearsvc_l1,Embedded,5,Bladder_GSE31189,0.6195,0.1046,0.5709,5.0,,Hard,0.5564,0.0631
linearsvc_l1,Embedded,5,Breast_GSE70947,0.9023,0.1472,0.8337,5.0,,Medium,0.914,-0.0117
linearsvc_l1,Embedded,5,Colorectal_GSE44076,0.9983,0.4733,0.9958,5.0,,Easy,0.9982,0.0001
linearsvc_l1,Embedded,5,Colorectal_GSE44861,0.8484,0.1925,0.7807,5.0,,Medium,0.8876,-0.0392
linearsvc_l1,Embedded,5,Leukemia_GSE63270,1.0,0.5553,0.9967,5.0,,Easy,0.9988,0.0012
linearsvc_l1,Embedded,5,Liver_GSE14520_U133A,0.9766,0.3679,0.9564,5.0,,Easy,0.9797,-0.0031
linearsvc_l1,Embedded,5,Liver_GSE76427,0.9661,0.3166,0.9197,5.0,,Easy,0.9671,-0.001
linearsvc_l1,Embedded,5,Lung_GSE19804,0.976,0.1953,0.9345,5.0,,Easy,0.9792,-0.0032
linearsvc_l1,Embedded,5,Pancreatic_GSE16515,0.9193,0.2099,0.8011,5.0,,Medium,0.9264,-0.0071
linearsvc_l1,Embedded,5,Prostate_GSE6919_U95Av2,0.6112,0.1283,0.571,5.0,,Hard,0.7076,-0.0964
linearsvc_l1,Embedded,5,Renal_GSE53757,0.8503,0.0893,0.8135,5.0,,Medium,0.8723,-0.022
linearsvc_l1,Embedded,10,Bladder_GSE31189,0.6156,0.1282,0.5909,10.0,,Hard,0.5965,0.0191
linearsvc_l1,Embedded,10,Breast_GSE70947,0.9234,0.1878,0.8505,10.0,,Medium,0.9285,-0.0051
linearsvc_l1,Embedded,10,Colorectal_GSE44076,1.0,0.4872,0.9937,10.0,,Easy,0.9995,0.0005
linearsvc_l1,Embedded,10,Colorectal_GSE44861,0.8604,0.191,0.8218,10.0,,Medium,0.8916,-0.0312
linearsvc_l1,Embedded,10,Leukemia_GSE63270,1.0,0.5229,1.0,10.0,,Easy,1.0,0.0
linearsvc_l1,Embedded,10,Liver_GSE14520_U133A,0.9851,0.4237,0.9632,10.0,,Easy,0.981,0.0041
linearsvc_l1,Embedded,10,Liver_GSE76427,0.9645,0.3219,0.9449,10.0,,Easy,0.9696,-0.0051
linearsvc_l1,Embedded,10,Lung_GSE19804,0.9805,0.2229,0.9483,10.0,,Easy,0.9851,-0.0046
linearsvc_l1,Embedded,10,Pancreatic_GSE16515,0.9531,0.2452,0.848,10.0,,Medium,0.9307,0.0224
linearsvc_l1,Embedded,10,Prostate_GSE6919_U95Av2,0.624,0.1193,0.5878,10.0,,Hard,0.7075,-0.0835
linearsvc_l1,Embedded,10,Renal_GSE53757,0.8434,0.1272,0.8204,10.0,,Medium,0.8714,-0.028
linearsvc_l1,Embedded,15,Bladder_GSE31189,0.6261,0.1413,0.5887,15.0,,Hard,0.6019,0.0242
linearsvc_l1,Embedded,15,Breast_GSE70947,0.9314,0.2357,0.869,15.0,,Medium,0.9319,-0.0005
linearsvc_l1,Embedded,15,Colorectal_GSE44076,1.0,0.4478,0.9958,15.0,,Easy,0.9998,0.0002
linearsvc_l1,Embedded,15,Colorectal_GSE44861,0.8636,0.2117,0.8202,15.0,,Medium,0.8924,-0.0288
linearsvc_l1,Embedded,15,Leukemia_GSE63270,1.0,0.5108,1.0,15.0,,Easy,1.0,0.0
linearsvc_l1,Embedded,15,Liver_GSE14520_U133A,0.9857,0.4307,0.9654,15.0,,Easy,0.982,0.0037
linearsvc_l1,Embedded,15,Liver_GSE76427,0.9644,0.3531,0.9477,15.0,,Easy,0.9727,-0.0083
linearsvc_l1,Embedded,15,Lung_GSE19804,0.9828,0.236,0.947,15.0,,Easy,0.9872,-0.0044
linearsvc_l1,Embedded,15,Pancreatic_GSE16515,0.9419,0.258,0.8508,15.0,,Medium,0.9281,0.0138
linearsvc_l1,Embedded,15,Prostate_GSE6919_U95Av2,0.65,0.1554,0.6042,15.0,,Hard,0.7029,-0.0529
linearsvc_l1,Embedded,15,Renal_GSE53757,0.8523,0.1647,0.8259,15.0,,Medium,0.8726,-0.0203
linearsvc_l1,Embedded,20,Bladder_GSE31189,0.6557,0.1627,0.5991,20.0,,Hard,0.6283,0.0274
linearsvc_l1,Embedded,20,Breast_GSE70947,0.9349,0.2621,0.8746,20.0,,Medium,0.9346,0.0003
linearsvc_l1,Embedded,20,Colorectal_GSE44076,1.0,0.4556,0.9979,20.0,,Easy,0.9998,0.0002
linearsvc_l1,Embedded,20,Colorectal_GSE44861,0.8651,0.2268,0.8334,20.0,,Medium,0.896,-0.0309
linearsvc_l1,Embedded,20,Leukemia_GSE63270,1.0,0.4983,1.0,20.0,,Easy,1.0,0.0
linearsvc_l1,Embedded,20,Liver_GSE14520_U133A,0.9868,0.426,0.9654,20.0,,Easy,0.9822,0.0046
linearsvc_l1,Embedded,20,Liver_GSE76427,0.9656,0.3482,0.9509,20.0,,Easy,0.968,-0.0024
linearsvc_l1,Embedded,20,Lung_GSE19804,0.9822,0.2496,0.9506,20.0,,Easy,0.9878,-0.0056
linearsvc_l1,Embedded,20,Pancreatic_GSE16515,0.9436,0.2471,0.855,20.0,,Medium,0.9281,0.0155
linearsvc_l1,Embedded,20,Prostate_GSE6919_U95Av2,0.6615,0.165,0.6215,20.0,,Hard,0.6908,-0.0293
linearsvc_l1,Embedded,20,Renal_GSE53757,0.8471,0.1879,0.8174,20.0,,Medium,0.8707,-0.0236
linearsvc_l1,Embedded,30,Bladder_GSE31189,0.6552,0.1754,0.6099,30.0,,Hard,0.6312,0.024
linearsvc_l1,Embedded,30,Breast_GSE70947,0.943,0.3013,0.8871,30.0,,Medium,0.9373,0.0057
linearsvc_l1,Embedded,30,Colorectal_GSE44076,1.0,0.4466,0.9968,30.0,,Easy,0.9999,0.0001
linearsvc_l1,Embedded,30,Colorectal_GSE44861,0.8651,0.2277,0.8371,30.0,,Medium,0.896,-0.0309
linearsvc_l1,Embedded,30,Leukemia_GSE63270,1.0,0.4689,1.0,30.0,,Easy,1.0,0.0
linearsvc_l1,Embedded,30,Liver_GSE14520_U133A,0.9866,0.4,0.9671,30.0,,Easy,0.9832,0.0034
linearsvc_l1,Embedded,30,Liver_GSE76427,0.9696,0.3735,0.9497,30.0,,Easy,0.9685,0.0011
linearsvc_l1,Embedded,30,Lung_GSE19804,0.9843,0.272,0.9489,30.0,,Easy,0.989,-0.0047
linearsvc_l1,Embedded,30,Pancreatic_GSE16515,0.9472,0.206,0.8578,30.0,,Medium,0.9336,0.0136
linearsvc_l1,Embedded,30,Prostate_GSE6919_U95Av2,0.664,0.1734,0.6249,30.0,,Hard,0.6777,-0.0137
linearsvc_l1,Embedded,30,Renal_GSE53757,0.844,0.1785,0.8189,30.0,,Medium,0.8678,-0.0238
linearsvc_l1,Embedded,50,Bladder_GSE31189,0.6868,0.2076,0.6344,50.0,,Hard,0.651,0.0358
linearsvc_l1,Embedded,50,Breast_GSE70947,0.9456,0.3142,0.8857,50.0,,Medium,0.9363,0.0093
linearsvc_l1,Embedded,50,Colorectal_GSE44076,0.9999,0.5419,0.9958,50.0,,Easy,0.9999,0.0
linearsvc_l1,Embedded,50,Colorectal_GSE44861,0.8727,0.2878,0.8389,50.0,,Medium,0.8956,-0.0229
linearsvc_l1,Embedded,50,Leukemia_GSE63270,1.0,0.602,1.0,50.0,,Easy,1.0,0.0
linearsvc_l1,Embedded,50,Liver_GSE14520_U133A,0.9872,0.3864,0.9698,50.0,,Easy,0.9824,0.0048
linearsvc_l1,Embedded,50,Liver_GSE76427,0.9696,0.4697,0.9509,50.0,,Easy,0.9711,-0.0015
linearsvc_l1,Embedded,50,Lung_GSE19804,0.9871,0.3634,0.9489,50.0,,Easy,0.9885,-0.0014
linearsvc_l1,Embedded,50,Pancreatic_GSE16515,0.9433,0.3438,0.8588,50.0,,Medium,0.9269,0.0164
linearsvc_l1,Embedded,50,Prostate_GSE6919_U95Av2,0.665,0.1758,0.6129,50.0,,Hard,0.6722,-0.0072
linearsvc_l1,Embedded,50,Renal_GSE53757,0.8457,0.187,0.8104,50.0,,Medium,0.8676,-0.0219
boruta,Wrapper,3,Bladder_GSE31189,0.5161,0.0577,0.5168,3.0,,Hard,0.5353,-0.0192
boruta,Wrapper,3,Breast_GSE70947,0.917,0.3133,0.8488,3.0,,Medium,0.9026,0.0144
boruta,Wrapper,3,Colorectal_GSE44076,0.9991,0.1844,0.9876,3.0,,Easy,0.9975,0.0016
boruta,Wrapper,3,Colorectal_GSE44861,0.8898,0.2399,0.844,3.0,,Medium,0.8898,0.0
boruta,Wrapper,3,Leukemia_GSE63270,1.0,0.2033,0.9817,3.0,,Easy,0.9965,0.0035
boruta,Wrapper,3,Liver_GSE14520_U133A,0.9797,0.2421,0.9586,3.0,,Easy,0.9747,0.005
boruta,Wrapper,3,Liver_GSE76427,0.9727,0.23,0.9511,3.0,,Easy,0.9678,0.0049
boruta,Wrapper,3,Lung_GSE19804,0.9827,0.1588,0.947,3.0,,Easy,0.9788,0.0039
boruta,Wrapper,3,Pancreatic_GSE16515,0.911,0.1366,0.8737,3.0,,Medium,0.8955,0.0155
boruta,Wrapper,3,Prostate_GSE6919_U95Av2,0.6976,0.0576,0.6437,3.0,,Hard,0.6976,0.0
boruta,Wrapper,3,Renal_GSE53757,0.8768,0.0788,0.847,3.0,,Medium,0.8768,0.0
boruta,Wrapper,5,Bladder_GSE31189,0.527,0.0706,0.5115,5.0,,Hard,0.5564,-0.0294
boruta,Wrapper,5,Breast_GSE70947,0.9239,0.3012,0.8523,5.0,,Medium,0.914,0.0099
boruta,Wrapper,5,Colorectal_GSE44076,0.9996,0.2246,0.9896,5.0,,Easy,0.9982,0.0014
boruta,Wrapper,5,Colorectal_GSE44861,0.8975,0.2438,0.8474,5.0,,Medium,0.8876,0.0099
boruta,Wrapper,5,Leukemia_GSE63270,1.0,0.2359,0.9892,5.0,,Easy,0.9988,0.0012
boruta,Wrapper,5,Liver_GSE14520_U133A,0.9798,0.3092,0.9626,5.0,,Easy,0.9797,0.0001
boruta,Wrapper,5,Liver_GSE76427,0.9736,0.3113,0.954,5.0,,Easy,0.9671,0.0065
boruta,Wrapper,5,Lung_GSE19804,0.9866,0.1919,0.9542,5.0,,Easy,0.9792,0.0074
boruta,Wrapper,5,Pancreatic_GSE16515,0.925,0.1413,0.8594,5.0,,Medium,0.9264,-0.0014
boruta,Wrapper,5,Prostate_GSE6919_U95Av2,0.6797,0.091,0.646,5.0,,Hard,0.7076,-0.0279
boruta,Wrapper,5,Renal_GSE53757,0.8795,0.0906,0.8496,5.0,,Medium,0.8723,0.0072
boruta,Wrapper,10,Bladder_GSE31189,0.5703,0.1362,0.5541,10.0,,Hard,0.5965,-0.0262
boruta,Wrapper,10,Breast_GSE70947,0.9299,0.3435,0.8556,10.0,,Medium,0.9285,0.0014
boruta,Wrapper,10,Colorectal_GSE44076,0.9998,0.2839,0.9885,10.0,,Easy,0.9995,0.0003
boruta,Wrapper,10,Colorectal_GSE44861,0.8964,0.285,0.8534,10.0,,Medium,0.8916,0.0048
boruta,Wrapper,10,Leukemia_GSE63270,1.0,0.3716,0.9967,10.0,,Easy,1.0,0.0
boruta,Wrapper,10,Liver_GSE14520_U133A,0.9815,0.4331,0.9654,10.0,,Easy,0.981,0.0005
boruta,Wrapper,10,Liver_GSE76427,0.9696,0.3749,0.9517,10.0,,Easy,0.9696,0.0
boruta,Wrapper,10,Lung_GSE19804,0.9881,0.2859,0.9556,10.0,,Easy,0.9851,0.003
boruta,Wrapper,10,Pancreatic_GSE16515,0.9212,0.1522,0.8556,10.0,,Medium,0.9307,-0.0095
boruta,Wrapper,10,Prostate_GSE6919_U95Av2,0.6875,0.151,0.6463,10.0,,Hard,0.7075,-0.02
boruta,Wrapper,10,Renal_GSE53757,0.8648,0.1305,0.8468,10.0,,Medium,0.8714,-0.0066
boruta,Wrapper,15,Bladder_GSE31189,0.5939,0.1711,0.5594,15.0,,Hard,0.6019,-0.008
boruta,Wrapper,15,Breast_GSE70947,0.9319,0.37,0.8627,15.0,,Medium,0.9319,0.0
boruta,Wrapper,15,Colorectal_GSE44076,0.9999,0.326,0.9906,15.0,,Easy,0.9998,0.0001
boruta,Wrapper,15,Colorectal_GSE44861,0.8967,0.3164,0.8532,15.0,,Medium,0.8924,0.0043
boruta,Wrapper,15,Leukemia_GSE63270,1.0,0.4699,0.9967,15.0,,Easy,1.0,0.0
boruta,Wrapper,15,Liver_GSE14520_U133A,0.982,0.4708,0.9626,15.0,,Easy,0.982,0.0
boruta,Wrapper,15,Liver_GSE76427,0.973,0.4183,0.9566,15.0,,Easy,0.9727,0.0003
boruta,Wrapper,15,Lung_GSE19804,0.9872,0.3283,0.9576,15.0,,Easy,0.9872,0.0
boruta,Wrapper,15,Pancreatic_GSE16515,0.9155,0.178,0.8461,15.0,,Medium,0.9281,-0.0126
boruta,Wrapper,15,Prostate_GSE6919_U95Av2,0.675,0.1924,0.6301,15.0,,Hard,0.7029,-0.0279
boruta,Wrapper,15,Renal_GSE53757,0.8726,0.1667,0.8453,15.0,,Medium,0.8726,0.0
boruta,Wrapper,20,Bladder_GSE31189,0.6283,0.1802,0.5672,20.0,,Hard,0.6283,0.0
boruta,Wrapper,20,Breast_GSE70947,0.9334,0.3925,0.8641,20.0,,Medium,0.9346,-0.0012
boruta,Wrapper,20,Colorectal_GSE44076,0.9997,0.3569,0.9906,20.0,,Easy,0.9998,-0.0001
boruta,Wrapper,20,Colorectal_GSE44861,0.8971,0.3551,0.8609,20.0,,Medium,0.896,0.0011
boruta,Wrapper,20,Leukemia_GSE63270,1.0,0.5175,0.9983,20.0,,Easy,1.0,0.0
boruta,Wrapper,20,Liver_GSE14520_U133A,0.9832,0.4884,0.9598,20.0,,Easy,0.9822,0.001
boruta,Wrapper,20,Liver_GSE76427,0.971,0.4494,0.9526,20.0,,Easy,0.968,0.003
boruta,Wrapper,20,Lung_GSE19804,0.9878,0.3838,0.9595,20.0,,Easy,0.9878,0.0
boruta,Wrapper,20,Pancreatic_GSE16515,0.9114,0.1955,0.8432,20.0,,Medium,0.9281,-0.0167
boruta,Wrapper,20,Prostate_GSE6919_U95Av2,0.68,0.2276,0.6387,20.0,,Hard,0.6908,-0.0108
boruta,Wrapper,20,Renal_GSE53757,0.8654,0.2022,0.8423,20.0,,Medium,0.8707,-0.0053
boruta,Wrapper,30,Bladder_GSE31189,0.6375,0.1737,0.5749,30.0,,Hard,0.6312,0.0063
boruta,Wrapper,30,Breast_GSE70947,0.933,0.4217,0.8675,30.0,,Medium,0.9373,-0.0043
boruta,Wrapper,30,Colorectal_GSE44076,0.9999,0.4031,0.9927,30.0,,Easy,0.9999,0.0
boruta,Wrapper,30,Colorectal_GSE44861,0.9073,0.4211,0.8545,30.0,,Medium,0.896,0.0113
boruta,Wrapper,30,Leukemia_GSE63270,1.0,0.5739,0.9967,30.0,,Easy,1.0,0.0
boruta,Wrapper,30,Liver_GSE14520_U133A,0.9825,0.5449,0.9609,30.0,,Easy,0.9832,-0.0007
boruta,Wrapper,30,Liver_GSE76427,0.9741,0.5206,0.9429,30.0,,Easy,0.9685,0.0056
boruta,Wrapper,30,Lung_GSE19804,0.9872,0.4279,0.9594,30.0,,Easy,0.989,-0.0018
boruta,Wrapper,30,Pancreatic_GSE16515,0.9095,0.2284,0.8353,30.0,,Medium,0.9336,-0.0241
boruta,Wrapper,30,Prostate_GSE6919_U95Av2,0.6713,0.2671,0.6376,30.0,,Hard,0.6777,-0.0064
boruta,Wrapper,30,Renal_GSE53757,0.8593,0.2585,0.824,30.0,,Medium,0.8678,-0.0085
boruta,Wrapper,50,Bladder_GSE31189,0.651,0.154,0.5907,50.0,,Hard,0.651,0.0
boruta,Wrapper,50,Breast_GSE70947,0.9363,0.4756,0.871,50.0,,Medium,0.9363,0.0
boruta,Wrapper,50,Colorectal_GSE44076,0.9999,0.4615,0.9937,50.0,,Easy,0.9999,0.0
boruta,Wrapper,50,Colorectal_GSE44861,0.9135,0.5102,0.8645,50.0,,Medium,0.8956,0.0179
boruta,Wrapper,50,Leukemia_GSE63270,1.0,0.5757,0.9983,50.0,,Easy,1.0,0.0
boruta,Wrapper,50,Liver_GSE14520_U133A,0.9821,0.6093,0.962,50.0,,Easy,0.9824,-0.0003
boruta,Wrapper,50,Liver_GSE76427,0.9776,0.5838,0.9477,50.0,,Easy,0.9711,0.0065
boruta,Wrapper,50,Lung_GSE19804,0.9863,0.4883,0.9577,50.0,,Easy,0.9885,-0.0022
boruta,Wrapper,50,Pancreatic_GSE16515,0.9171,0.2835,0.8556,50.0,,Medium,0.9269,-0.0098
boruta,Wrapper,50,Prostate_GSE6919_U95Av2,0.6426,0.2789,0.6119,50.0,,Hard,0.6722,-0.0296
boruta,Wrapper,50,Renal_GSE53757,0.8582,0.3326,0.8173,50.0,,Medium,0.8676,-0.0094
extratrees,Wrapper,3,Bladder_GSE31189,0.4834,0.0188,0.4916,3.0,,Hard,0.5353,-0.0519
extratrees,Wrapper,3,Breast_GSE70947,0.9186,0.0499,0.8466,3.0,,Medium,0.9026,0.016
extratrees,Wrapper,3,Colorectal_GSE44076,0.9993,0.0499,0.9886,3.0,,Easy,0.9975,0.0018
extratrees,Wrapper,3,Colorectal_GSE44861,0.9029,0.091,0.8354,3.0,,Medium,0.8898,0.0131
extratrees,Wrapper,3,Leukemia_GSE63270,0.9992,0.14,0.9753,3.0,,Easy,0.9965,0.0027
extratrees,Wrapper,3,Liver_GSE14520_U133A,0.9809,0.2966,0.9599,3.0,,Easy,0.9747,0.0062
extratrees,Wrapper,3,Liver_GSE76427,0.9687,0.1922,0.9483,3.0,,Easy,0.9678,0.0009
extratrees,Wrapper,3,Lung_GSE19804,0.9788,0.0544,0.947,3.0,,Easy,0.9788,0.0
extratrees,Wrapper,3,Pancreatic_GSE16515,0.8781,0.0577,0.8338,3.0,,Medium,0.8955,-0.0174
extratrees,Wrapper,3,Prostate_GSE6919_U95Av2,0.7351,0.0175,0.6704,3.0,,Hard,0.6976,0.0375
extratrees,Wrapper,3,Renal_GSE53757,0.8594,0.0299,0.8538,3.0,,Medium,0.8768,-0.0174
extratrees,Wrapper,5,Bladder_GSE31189,0.5166,0.0206,0.5109,5.0,,Hard,0.5564,-0.0398
extratrees,Wrapper,5,Breast_GSE70947,0.9239,0.0512,0.8506,5.0,,Medium,0.914,0.0099
extratrees,Wrapper,5,Colorectal_GSE44076,0.9993,0.0466,0.9886,5.0,,Easy,0.9982,0.0011
extratrees,Wrapper,5,Colorectal_GSE44861,0.9018,0.1385,0.8473,5.0,,Medium,0.8876,0.0142
extratrees,Wrapper,5,Leukemia_GSE63270,0.9985,0.1533,0.995,5.0,,Easy,0.9988,-0.0003
extratrees,Wrapper,5,Liver_GSE14520_U133A,0.9809,0.2792,0.966,5.0,,Easy,0.9797,0.0012
extratrees,Wrapper,5,Liver_GSE76427,0.967,0.2479,0.954,5.0,,Easy,0.9671,-0.0001
extratrees,Wrapper,5,Lung_GSE19804,0.979,0.0712,0.9365,5.0,,Easy,0.9792,-0.0002
extratrees,Wrapper,5,Pancreatic_GSE16515,0.916,0.0519,0.8487,5.0,,Medium,0.9264,-0.0104
extratrees,Wrapper,5,Prostate_GSE6919_U95Av2,0.7251,0.0303,0.6658,5.0,,Hard,0.7076,0.0175
extratrees,Wrapper,5,Renal_GSE53757,0.8705,0.0419,0.8551,5.0,,Medium,0.8723,-0.0018
extratrees,Wrapper,10,Bladder_GSE31189,0.5668,0.0355,0.555,10.0,,Hard,0.5965,-0.0297
extratrees,Wrapper,10,Breast_GSE70947,0.9266,0.0631,0.8583,10.0,,Medium,0.9285,-0.0019
extratrees,Wrapper,10,Colorectal_GSE44076,0.9996,0.0781,0.9896,10.0,,Easy,0.9995,0.0001
extratrees,Wrapper,10,Colorectal_GSE44861,0.9095,0.1506,0.8638,10.0,,Medium,0.8916,0.0179
extratrees,Wrapper,10,Leukemia_GSE63270,1.0,0.1295,0.9942,10.0,,Easy,1.0,0.0
extratrees,Wrapper,10,Liver_GSE14520_U133A,0.9805,0.19,0.9654,10.0,,Easy,0.981,-0.0005
extratrees,Wrapper,10,Liver_GSE76427,0.9744,0.2415,0.9549,10.0,,Easy,0.9696,0.0048
extratrees,Wrapper,10,Lung_GSE19804,0.9798,0.0768,0.9453,10.0,,Easy,0.9851,-0.0053
extratrees,Wrapper,10,Pancreatic_GSE16515,0.9217,0.0558,0.8392,10.0,,Medium,0.9307,-0.009
extratrees,Wrapper,10,Prostate_GSE6919_U95Av2,0.7222,0.0432,0.6669,10.0,,Hard,0.7075,0.0147
extratrees,Wrapper,10,Renal_GSE53757,0.8725,0.0545,0.8483,10.0,,Medium,0.8714,0.0011
extratrees,Wrapper,15,Bladder_GSE31189,0.6196,0.0384,0.5929,15.0,,Hard,0.6019,0.0177
extratrees,Wrapper,15,Breast_GSE70947,0.9303,0.0907,0.8661,15.0,,Medium,0.9319,-0.0016
extratrees,Wrapper,15,Colorectal_GSE44076,1.0,0.1002,0.9917,15.0,,Easy,0.9998,0.0002
extratrees,Wrapper,15,Colorectal_GSE44861,0.908,0.1621,0.8463,15.0,,Medium,0.8924,0.0156
extratrees,Wrapper,15,Leukemia_GSE63270,1.0,0.1371,0.9944,15.0,,Easy,1.0,0.0
extratrees,Wrapper,15,Liver_GSE14520_U133A,0.9811,0.1823,0.962,15.0,,Easy,0.982,-0.0009
extratrees,Wrapper,15,Liver_GSE76427,0.9746,0.2409,0.9497,15.0,,Easy,0.9727,0.0019
extratrees,Wrapper,15,Lung_GSE19804,0.9862,0.1171,0.9506,15.0,,Easy,0.9872,-0.001
extratrees,Wrapper,15,Pancreatic_GSE16515,0.9138,0.0597,0.843,15.0,,Medium,0.9281,-0.0143
extratrees,Wrapper,15,Prostate_GSE6919_U95Av2,0.7143,0.0551,0.6799,15.0,,Hard,0.7029,0.0114
extratrees,Wrapper,15,Renal_GSE53757,0.8746,0.0664,0.8525,15.0,,Medium,0.8726,0.002
extratrees,Wrapper,20,Bladder_GSE31189,0.6382,0.0445,0.5721,20.0,,Hard,0.6283,0.0099
extratrees,Wrapper,20,Breast_GSE70947,0.9335,0.11,0.8697,20.0,,Medium,0.9346,-0.0011
extratrees,Wrapper,20,Colorectal_GSE44076,0.9999,0.1265,0.9927,20.0,,Easy,0.9998,0.0001
extratrees,Wrapper,20,Colorectal_GSE44861,0.8996,0.1779,0.8483,20.0,,Medium,0.896,0.0036
extratrees,Wrapper,20,Leukemia_GSE63270,1.0,0.1709,0.9983,20.0,,Easy,1.0,0.0
extratrees,Wrapper,20,Liver_GSE14520_U133A,0.9817,0.1963,0.9643,20.0,,Easy,0.9822,-0.0005
extratrees,Wrapper,20,Liver_GSE76427,0.9699,0.267,0.9466,20.0,,Easy,0.968,0.0019
extratrees,Wrapper,20,Lung_GSE19804,0.9874,0.1487,0.9506,20.0,,Easy,0.9878,-0.0004
extratrees,Wrapper,20,Pancreatic_GSE16515,0.9179,0.0753,0.8458,20.0,,Medium,0.9281,-0.0102
extratrees,Wrapper,20,Prostate_GSE6919_U95Av2,0.6965,0.0625,0.6586,20.0,,Hard,0.6908,0.0057
extratrees,Wrapper,20,Renal_GSE53757,0.875,0.0788,0.8566,20.0,,Medium,0.8707,0.0043
extratrees,Wrapper,30,Bladder_GSE31189,0.6312,0.0528,0.5782,30.0,,Hard,0.6312,0.0
extratrees,Wrapper,30,Breast_GSE70947,0.938,0.1375,0.8759,30.0,,Medium,0.9373,0.0007
extratrees,Wrapper,30,Colorectal_GSE44076,0.9999,0.1441,0.9937,30.0,,Easy,0.9999,0.0
extratrees,Wrapper,30,Colorectal_GSE44861,0.9051,0.2163,0.85,30.0,,Medium,0.896,0.0091
extratrees,Wrapper,30,Leukemia_GSE63270,1.0,0.2157,1.0,30.0,,Easy,1.0,0.0
extratrees,Wrapper,30,Liver_GSE14520_U133A,0.9841,0.2306,0.962,30.0,,Easy,0.9832,0.0009
extratrees,Wrapper,30,Liver_GSE76427,0.9671,0.2843,0.94,30.0,,Easy,0.9685,-0.0014
extratrees,Wrapper,30,Lung_GSE19804,0.9875,0.1916,0.9454,30.0,,Easy,0.989,-0.0015
extratrees,Wrapper,30,Pancreatic_GSE16515,0.9179,0.1075,0.8499,30.0,,Medium,0.9336,-0.0157
extratrees,Wrapper,30,Prostate_GSE6919_U95Av2,0.6854,0.0795,0.6586,30.0,,Hard,0.6777,0.0077
extratrees,Wrapper,30,Renal_GSE53757,0.875,0.0964,0.8425,30.0,,Medium,0.8678,0.0072
extratrees,Wrapper,50,Bladder_GSE31189,0.6565,0.0658,0.5999,50.0,,Hard,0.651,0.0055
extratrees,Wrapper,50,Breast_GSE70947,0.9354,0.1551,0.8766,50.0,,Medium,0.9363,-0.0009
extratrees,Wrapper,50,Colorectal_GSE44076,1.0,0.1624,0.9927,50.0,,Easy,0.9999,0.0001
extratrees,Wrapper,50,Colorectal_GSE44861,0.8916,0.2237,0.82,50.0,,Medium,0.8956,-0.004
extratrees,Wrapper,50,Leukemia_GSE63270,1.0,0.2342,1.0,50.0,,Easy,1.0,0.0
extratrees,Wrapper,50,Liver_GSE14520_U133A,0.9805,0.2295,0.962,50.0,,Easy,0.9824,-0.0019
extratrees,Wrapper,50,Liver_GSE76427,0.9677,0.2668,0.9389,50.0,,Easy,0.9711,-0.0034
extratrees,Wrapper,50,Lung_GSE19804,0.9878,0.2249,0.9544,50.0,,Easy,0.9885,-0.0007
extratrees,Wrapper,50,Pancreatic_GSE16515,0.9274,0.1314,0.8699,50.0,,Medium,0.9269,0.0005
extratrees,Wrapper,50,Prostate_GSE6919_U95Av2,0.6651,0.1,0.636,50.0,,Hard,0.6722,-0.0071
extratrees,Wrapper,50,Renal_GSE53757,0.8763,0.1222,0.8328,50.0,,Medium,0.8676,0.0087
rfecv,Wrapper,3,Bladder_GSE31189,0.5625,0.0033,0.5494,3.0,,Hard,0.5353,0.0272
rfecv,Wrapper,3,Breast_GSE70947,0.8864,0.0099,0.8113,3.0,,Medium,0.9026,-0.0162
rfecv,Wrapper,3,Colorectal_GSE44076,0.9962,0.0944,0.9814,3.0,,Easy,0.9975,-0.0013
rfecv,Wrapper,3,Colorectal_GSE44861,0.824,0.0054,0.7653,3.0,,Medium,0.8898,-0.0658
rfecv,Wrapper,3,Leukemia_GSE63270,0.9936,0.0633,0.9614,3.0,,Easy,0.9965,-0.0029
rfecv,Wrapper,3,Liver_GSE14520_U133A,0.9487,0.0054,0.9056,3.0,,Easy,0.9747,-0.026
rfecv,Wrapper,3,Liver_GSE76427,0.9355,0.0388,0.875,3.0,,Easy,0.9678,-0.0323
rfecv,Wrapper,3,Lung_GSE19804,0.9238,0.0133,0.8626,3.0,,Easy,0.9788,-0.055
rfecv,Wrapper,3,Pancreatic_GSE16515,0.8919,0.0411,0.8033,3.0,,Medium,0.8955,-0.0036
rfecv,Wrapper,3,Prostate_GSE6919_U95Av2,0.6767,0.0031,0.618,3.0,,Hard,0.6976,-0.0209
rfecv,Wrapper,3,Renal_GSE53757,0.8705,0.0511,0.8386,3.0,,Medium,0.8768,-0.0063
rfecv,Wrapper,5,Bladder_GSE31189,0.5746,0.0099,0.5455,5.0,,Hard,0.5564,0.0182
rfecv,Wrapper,5,Breast_GSE70947,0.8927,0.0159,0.8258,5.0,,Medium,0.914,-0.0213
rfecv,Wrapper,5,Colorectal_GSE44076,0.9995,0.0839,0.9905,5.0,,Easy,0.9982,0.0013
rfecv,Wrapper,5,Colorectal_GSE44861,0.8382,0.0138,0.7862,5.0,,Medium,0.8876,-0.0494
rfecv,Wrapper,5,Leukemia_GSE63270,0.9988,0.1159,0.9803,5.0,,Easy,0.9988,0.0
rfecv,Wrapper,5,Liver_GSE14520_U133A,0.9683,0.0238,0.9385,5.0,,Easy,0.9797,-0.0114
rfecv,Wrapper,5,Liver_GSE76427,0.9539,0.0492,0.8896,5.0,,Easy,0.9671,-0.0132
rfecv,Wrapper,5,Lung_GSE19804,0.9559,0.0219,0.9029,5.0,,Easy,0.9792,-0.0233
rfecv,Wrapper,5,Pancreatic_GSE16515,0.895,0.0312,0.8063,5.0,,Medium,0.9264,-0.0314
rfecv,Wrapper,5,Prostate_GSE6919_U95Av2,0.7076,0.0089,0.6521,5.0,,Hard,0.7076,0.0
rfecv,Wrapper,5,Renal_GSE53757,0.8618,0.0452,0.8318,5.0,,Medium,0.8723,-0.0105
rfecv,Wrapper,10,Bladder_GSE31189,0.635,0.0192,0.5838,10.0,,Hard,0.5965,0.0385
rfecv,Wrapper,10,Breast_GSE70947,0.9195,0.0397,0.8551,10.0,,Medium,0.9285,-0.009
rfecv,Wrapper,10,Colorectal_GSE44076,0.9999,0.2078,0.9968,10.0,,Easy,0.9995,0.0004
rfecv,Wrapper,10,Colorectal_GSE44861,0.8556,0.0269,0.7903,10.0,,Medium,0.8916,-0.036
rfecv,Wrapper,10,Leukemia_GSE63270,1.0,0.1078,0.9867,10.0,,Easy,1.0,0.0
rfecv,Wrapper,10,Liver_GSE14520_U133A,0.9799,0.0509,0.9553,10.0,,Easy,0.981,-0.0011
rfecv,Wrapper,10,Liver_GSE76427,0.9605,0.0911,0.9199,10.0,,Easy,0.9696,-0.0091
rfecv,Wrapper,10,Lung_GSE19804,0.9767,0.0372,0.9317,10.0,,Easy,0.9851,-0.0084
rfecv,Wrapper,10,Pancreatic_GSE16515,0.8545,0.0602,0.7976,10.0,,Medium,0.9307,-0.0762
rfecv,Wrapper,10,Prostate_GSE6919_U95Av2,0.7156,0.0179,0.6446,10.0,,Hard,0.7075,0.0081
rfecv,Wrapper,10,Renal_GSE53757,0.8643,0.0342,0.833,10.0,,Medium,0.8714,-0.0071
rfecv,Wrapper,15,Bladder_GSE31189,0.6485,0.0275,0.5943,15.0,,Hard,0.6019,0.0466
rfecv,Wrapper,15,Breast_GSE70947,0.9286,0.0627,0.8746,15.0,,Medium,0.9319,-0.0033
rfecv,Wrapper,15,Colorectal_GSE44076,1.0,0.3491,0.9989,15.0,,Easy,0.9998,0.0002
rfecv,Wrapper,15,Colorectal_GSE44861,0.868,0.0451,0.8187,15.0,,Medium,0.8924,-0.0244
rfecv,Wrapper,15,Leukemia_GSE63270,1.0,0.1491,0.995,15.0,,Easy,1.0,0.0
rfecv,Wrapper,15,Liver_GSE14520_U133A,0.9818,0.0614,0.962,15.0,,Easy,0.982,-0.0002
rfecv,Wrapper,15,Liver_GSE76427,0.9649,0.1239,0.9353,15.0,,Easy,0.9727,-0.0078
rfecv,Wrapper,15,Lung_GSE19804,0.9758,0.0671,0.9297,15.0,,Easy,0.9872,-0.0114
rfecv,Wrapper,15,Pancreatic_GSE16515,0.8941,0.0935,0.7824,15.0,,Medium,0.9281,-0.034
rfecv,Wrapper,15,Prostate_GSE6919_U95Av2,0.7109,0.0246,0.6508,15.0,,Hard,0.7029,0.008
rfecv,Wrapper,15,Renal_GSE53757,0.8674,0.0286,0.8287,15.0,,Medium,0.8726,-0.0052
rfecv,Wrapper,20,Bladder_GSE31189,0.6529,0.0378,0.5996,20.0,,Hard,0.6283,0.0246
rfecv,Wrapper,20,Breast_GSE70947,0.9346,0.0842,0.8683,20.0,,Medium,0.9346,0.0
rfecv,Wrapper,20,Colorectal_GSE44076,1.0,0.4529,0.9968,20.0,,Easy,0.9998,0.0002
rfecv,Wrapper,20,Colorectal_GSE44861,0.8636,0.0501,0.8209,20.0,,Medium,0.896,-0.0324
rfecv,Wrapper,20,Leukemia_GSE63270,1.0,0.1945,0.9967,20.0,,Easy,1.0,0.0
rfecv,Wrapper,20,Liver_GSE14520_U133A,0.9825,0.0763,0.9643,20.0,,Easy,0.9822,0.0003
rfecv,Wrapper,20,Liver_GSE76427,0.9656,0.1148,0.935,20.0,,Easy,0.968,-0.0024
rfecv,Wrapper,20,Lung_GSE19804,0.9745,0.0663,0.9365,20.0,,Easy,0.9878,-0.0133
rfecv,Wrapper,20,Pancreatic_GSE16515,0.9131,0.1107,0.7975,20.0,,Medium,0.9281,-0.015
rfecv,Wrapper,20,Prostate_GSE6919_U95Av2,0.6987,0.0251,0.6378,20.0,,Hard,0.6908,0.0079
rfecv,Wrapper,20,Renal_GSE53757,0.8707,0.0348,0.823,20.0,,Medium,0.8707,0.0
rfecv,Wrapper,30,Bladder_GSE31189,0.6521,0.0473,0.6188,30.0,,Hard,0.6312,0.0209
rfecv,Wrapper,30,Breast_GSE70947,0.9407,0.119,0.8781,30.0,,Medium,0.9373,0.0034
rfecv,Wrapper,30,Colorectal_GSE44076,1.0,0.5526,0.9979,30.0,,Easy,0.9999,0.0001
rfecv,Wrapper,30,Colorectal_GSE44861,0.8582,0.0739,0.8283,30.0,,Medium,0.896,-0.0378
rfecv,Wrapper,30,Leukemia_GSE63270,1.0,0.252,0.9983,30.0,,Easy,1.0,0.0
rfecv,Wrapper,30,Liver_GSE14520_U133A,0.9841,0.0849,0.9665,30.0,,Easy,0.9832,0.0009
rfecv,Wrapper,30,Liver_GSE76427,0.9677,0.2043,0.9394,30.0,,Easy,0.9685,-0.0008
rfecv,Wrapper,30,Lung_GSE19804,0.9805,0.1052,0.9453,30.0,,Easy,0.989,-0.0085
rfecv,Wrapper,30,Pancreatic_GSE16515,0.9188,0.118,0.7643,30.0,,Medium,0.9336,-0.0148
rfecv,Wrapper,30,Prostate_GSE6919_U95Av2,0.6605,0.0377,0.6217,30.0,,Hard,0.6777,-0.0172
rfecv,Wrapper,30,Renal_GSE53757,0.8675,0.051,0.8138,30.0,,Medium,0.8678,-0.0003
rfecv,Wrapper,50,Bladder_GSE31189,0.6589,0.0805,0.5859,50.0,,Hard,0.651,0.0079
rfecv,Wrapper,50,Breast_GSE70947,0.9465,0.1668,0.8891,50.0,,Medium,0.9363,0.0102
rfecv,Wrapper,50,Colorectal_GSE44076,1.0,0.601,1.0,50.0,,Easy,0.9999,0.0001
rfecv,Wrapper,50,Colorectal_GSE44861,0.8629,0.1256,0.8238,50.0,,Medium,0.8956,-0.0327
rfecv,Wrapper,50,Leukemia_GSE63270,1.0,0.3819,1.0,50.0,,Easy,1.0,0.0
rfecv,Wrapper,50,Liver_GSE14520_U133A,0.9856,0.1334,0.9648,50.0,,Easy,0.9824,0.0032
rfecv,Wrapper,50,Liver_GSE76427,0.9696,0.2699,0.9451,50.0,,Easy,0.9711,-0.0015
rfecv,Wrapper,50,Lung_GSE19804,0.9841,0.1648,0.9485,50.0,,Easy,0.9885,-0.0044
rfecv,Wrapper,50,Pancreatic_GSE16515,0.9117,0.1605,0.7818,50.0,,Medium,0.9269,-0.0152
rfecv,Wrapper,50,Prostate_GSE6919_U95Av2,0.6526,0.0603,0.6114,50.0,,Hard,0.6722,-0.0196
rfecv,Wrapper,50,Renal_GSE53757,0.8761,0.0738,0.8234,50.0,,Medium,0.8676,0.0085
ga,EA,3,Bladder_GSE31189,0.5558,0.0022,0.5427,3.0,,Hard,0.5353,0.0205
ga,EA,3,Breast_GSE70947,0.9026,0.0155,0.8459,3.0,,Medium,0.9026,0.0
ga,EA,3,Colorectal_GSE44076,0.9975,0.0088,0.9825,3.0,,Easy,0.9975,0.0
ga,EA,3,Colorectal_GSE44861,0.8687,0.0165,0.8209,3.0,,Medium,0.8898,-0.0211
ga,EA,3,Leukemia_GSE63270,0.9889,0.0077,0.9503,3.0,,Easy,0.9965,-0.0076
ga,EA,3,Liver_GSE14520_U133A,0.9737,0.0054,0.9409,3.0,,Easy,0.9747,-0.001
ga,EA,3,Liver_GSE76427,0.9631,0.0244,0.916,3.0,,Easy,0.9678,-0.0047
ga,EA,3,Lung_GSE19804,0.9578,0.0033,0.8765,3.0,,Easy,0.9788,-0.021
ga,EA,3,Pancreatic_GSE16515,0.8512,0.0011,0.7668,3.0,,Medium,0.8955,-0.0443
ga,EA,3,Prostate_GSE6919_U95Av2,0.7029,0.0042,0.6559,3.0,,Hard,0.6976,0.0053
ga,EA,3,Renal_GSE53757,0.8697,0.0055,0.8446,3.0,,Medium,0.8768,-0.0071
ga,EA,5,Bladder_GSE31189,0.5664,0.0032,0.5439,5.0,,Hard,0.5564,0.01
ga,EA,5,Breast_GSE70947,0.903,0.0105,0.8388,5.0,,Medium,0.914,-0.011
ga,EA,5,Colorectal_GSE44076,0.9995,0.1586,0.9916,5.0,,Easy,0.9982,0.0013
ga,EA,5,Colorectal_GSE44861,0.8622,0.0071,0.8069,5.0,,Medium,0.8876,-0.0254
ga,EA,5,Leukemia_GSE63270,0.9967,0.1266,0.9708,5.0,,Easy,0.9988,-0.0021
ga,EA,5,Liver_GSE14520_U133A,0.9733,0.0098,0.9448,5.0,,Easy,0.9797,-0.0064
ga,EA,5,Liver_GSE76427,0.9576,0.0092,0.9211,5.0,,Easy,0.9671,-0.0095
ga,EA,5,Lung_GSE19804,0.9718,0.0052,0.9274,5.0,,Easy,0.9792,-0.0074
ga,EA,5,Pancreatic_GSE16515,0.8979,0.0106,0.8207,5.0,,Medium,0.9264,-0.0285
ga,EA,5,Prostate_GSE6919_U95Av2,0.6887,0.0056,0.6229,5.0,,Hard,0.7076,-0.0189
ga,EA,5,Renal_GSE53757,0.8683,0.0026,0.8371,5.0,,Medium,0.8723,-0.004
ga,EA,10,Bladder_GSE31189,0.5702,0.0025,0.5533,10.0,,Hard,0.5965,-0.0263
ga,EA,10,Breast_GSE70947,0.9209,0.0104,0.857,10.0,,Medium,0.9285,-0.0076
ga,EA,10,Colorectal_GSE44076,0.9986,0.2685,0.9927,10.0,,Easy,0.9995,-0.0009
ga,EA,10,Colorectal_GSE44861,0.8662,0.0132,0.8191,10.0,,Medium,0.8916,-0.0254
ga,EA,10,Leukemia_GSE63270,1.0,0.2939,0.995,10.0,,Easy,1.0,0.0
ga,EA,10,Liver_GSE14520_U133A,0.9818,0.0142,0.9537,10.0,,Easy,0.981,0.0008
ga,EA,10,Liver_GSE76427,0.9614,0.0078,0.9274,10.0,,Easy,0.9696,-0.0082
ga,EA,10,Lung_GSE19804,0.984,0.0222,0.9413,10.0,,Easy,0.9851,-0.0011
ga,EA,10,Pancreatic_GSE16515,0.905,0.0098,0.8252,10.0,,Medium,0.9307,-0.0257
ga,EA,10,Prostate_GSE6919_U95Av2,0.6725,0.0029,0.6301,10.0,,Hard,0.7075,-0.035
ga,EA,10,Renal_GSE53757,0.8685,0.0075,0.8457,10.0,,Medium,0.8714,-0.0029
ga,EA,15,Bladder_GSE31189,0.5761,0.0044,0.5649,15.0,,Hard,0.6019,-0.0258
ga,EA,15,Breast_GSE70947,0.9252,0.0136,0.8593,15.0,,Medium,0.9319,-0.0067
ga,EA,15,Colorectal_GSE44076,0.9995,0.3365,0.9906,15.0,,Easy,0.9998,-0.0003
ga,EA,15,Colorectal_GSE44861,0.8764,0.0116,0.8351,15.0,,Medium,0.8924,-0.016
ga,EA,15,Leukemia_GSE63270,1.0,0.3785,0.9983,15.0,,Easy,1.0,0.0
ga,EA,15,Liver_GSE14520_U133A,0.9797,0.0674,0.9592,15.0,,Easy,0.982,-0.0023
ga,EA,15,Liver_GSE76427,0.9604,0.0277,0.9405,15.0,,Easy,0.9727,-0.0123
ga,EA,15,Lung_GSE19804,0.9866,0.1502,0.9382,15.0,,Easy,0.9872,-0.0006
ga,EA,15,Pancreatic_GSE16515,0.9026,0.0191,0.7974,15.0,,Medium,0.9281,-0.0255
ga,EA,15,Prostate_GSE6919_U95Av2,0.7042,0.0044,0.6462,15.0,,Hard,0.7029,0.0013
ga,EA,15,Renal_GSE53757,0.8674,0.0093,0.84,15.0,,Medium,0.8726,-0.0052
ga,EA,20,Bladder_GSE31189,0.642,0.0075,0.5936,20.0,,Hard,0.6283,0.0137
ga,EA,20,Breast_GSE70947,0.9288,0.0135,0.8656,20.0,,Medium,0.9346,-0.0058
ga,EA,20,Colorectal_GSE44076,0.9996,0.3204,0.9906,20.0,,Easy,0.9998,-0.0002
ga,EA,20,Colorectal_GSE44861,0.8487,0.0124,0.8242,20.0,,Medium,0.896,-0.0473
ga,EA,20,Leukemia_GSE63270,1.0,0.3518,0.9967,20.0,,Easy,1.0,0.0
ga,EA,20,Liver_GSE14520_U133A,0.9785,0.1247,0.9563,20.0,,Easy,0.9822,-0.0037
ga,EA,20,Liver_GSE76427,0.9671,0.0955,0.93,20.0,,Easy,0.968,-0.0009
ga,EA,20,Lung_GSE19804,0.9868,0.1572,0.9453,20.0,,Easy,0.9878,-0.001
ga,EA,20,Pancreatic_GSE16515,0.9155,0.0281,0.8268,20.0,,Medium,0.9281,-0.0126
ga,EA,20,Prostate_GSE6919_U95Av2,0.6658,0.0074,0.6356,20.0,,Hard,0.6908,-0.025
ga,EA,20,Renal_GSE53757,0.8829,0.0188,0.8344,20.0,,Medium,0.8707,0.0122
ga,EA,30,Bladder_GSE31189,0.6239,0.0069,0.5885,30.0,,Hard,0.6312,-0.0073
ga,EA,30,Breast_GSE70947,0.9311,0.0229,0.865,30.0,,Medium,0.9373,-0.0062
ga,EA,30,Colorectal_GSE44076,0.9998,0.3224,0.9927,30.0,,Easy,0.9999,-0.0001
ga,EA,30,Colorectal_GSE44861,0.8502,0.0384,0.8089,30.0,,Medium,0.896,-0.0458
ga,EA,30,Leukemia_GSE63270,1.0,0.3459,1.0,30.0,,Easy,1.0,0.0
ga,EA,30,Liver_GSE14520_U133A,0.981,0.273,0.962,30.0,,Easy,0.9832,-0.0022
ga,EA,30,Liver_GSE76427,0.9647,0.1412,0.9323,30.0,,Easy,0.9685,-0.0038
ga,EA,30,Lung_GSE19804,0.989,0.2576,0.9542,30.0,,Easy,0.989,0.0
ga,EA,30,Pancreatic_GSE16515,0.9231,0.0755,0.8512,30.0,,Medium,0.9336,-0.0105
ga,EA,30,Prostate_GSE6919_U95Av2,0.6929,0.0124,0.6374,30.0,,Hard,0.6777,0.0152
ga,EA,30,Renal_GSE53757,0.8686,0.0201,0.8277,30.0,,Medium,0.8678,0.0008
ga,EA,50,Bladder_GSE31189,0.6752,0.0162,0.6116,50.0,,Hard,0.651,0.0242
ga,EA,50,Breast_GSE70947,0.9348,0.1004,0.8731,50.0,,Medium,0.9363,-0.0015
ga,EA,50,Colorectal_GSE44076,0.9999,0.4075,0.9927,50.0,,Easy,0.9999,0.0
ga,EA,50,Colorectal_GSE44861,0.8778,0.0704,0.8433,50.0,,Medium,0.8956,-0.0178
ga,EA,50,Leukemia_GSE63270,1.0,0.3732,1.0,50.0,,Easy,1.0,0.0
ga,EA,50,Liver_GSE14520_U133A,0.9811,0.3852,0.957,50.0,,Easy,0.9824,-0.0013
ga,EA,50,Liver_GSE76427,0.9692,0.3338,0.946,50.0,,Easy,0.9711,-0.0019
ga,EA,50,Lung_GSE19804,0.9893,0.3481,0.9541,50.0,,Easy,0.9885,0.0008
ga,EA,50,Pancreatic_GSE16515,0.9191,0.1785,0.8274,50.0,,Medium,0.9269,-0.0078
ga,EA,50,Prostate_GSE6919_U95Av2,0.6803,0.0179,0.6372,50.0,,Hard,0.6722,0.0081
ga,EA,50,Renal_GSE53757,0.8676,0.1219,0.8202,50.0,,Medium,0.8676,0.0
bpso,EA,3,Bladder_GSE31189,0.5068,0.0688,0.4871,3.0,,Hard,0.5353,-0.0285
bpso,EA,3,Breast_GSE70947,0.9205,0.2566,0.8494,3.0,,Medium,0.9026,0.0179
bpso,EA,3,Colorectal_GSE44076,0.9976,0.2422,0.9853,3.0,,Easy,0.9975,0.0001
bpso,EA,3,Colorectal_GSE44861,0.8996,0.2577,0.8505,3.0,,Medium,0.8898,0.0098
bpso,EA,3,Leukemia_GSE63270,0.9975,0.4544,0.9825,3.0,,Easy,0.9965,0.001
bpso,EA,3,Liver_GSE14520_U133A,0.981,0.4421,0.9603,3.0,,Easy,0.9747,0.0063
bpso,EA,3,Liver_GSE76427,0.9678,0.2522,0.9511,3.0,,Easy,0.9678,0.0
bpso,EA,3,Lung_GSE19804,0.9786,0.2711,0.9504,3.0,,Easy,0.9788,-0.0002
bpso,EA,3,Pancreatic_GSE16515,0.9298,0.1755,0.8565,3.0,,Medium,0.8955,0.0343
bpso,EA,3,Prostate_GSE6919_U95Av2,0.7312,0.1031,0.6715,3.0,,Hard,0.6976,0.0336
bpso,EA,3,Renal_GSE53757,0.8789,0.1355,0.8483,3.0,,Medium,0.8768,0.0021
bpso,EA,5,Bladder_GSE31189,0.5363,0.0939,0.5238,5.0,,Hard,0.5564,-0.0201
bpso,EA,5,Breast_GSE70947,0.9241,0.2679,0.8536,5.0,,Medium,0.914,0.0101
bpso,EA,5,Colorectal_GSE44076,0.9992,0.2786,0.9906,5.0,,Easy,0.9982,0.001
bpso,EA,5,Colorectal_GSE44861,0.9153,0.2818,0.8673,5.0,,Medium,0.8876,0.0277
bpso,EA,5,Leukemia_GSE63270,0.9983,0.4153,0.9883,5.0,,Easy,0.9988,-0.0005
bpso,EA,5,Liver_GSE14520_U133A,0.9821,0.3979,0.9598,5.0,,Easy,0.9797,0.0024
bpso,EA,5,Liver_GSE76427,0.9711,0.2779,0.9589,5.0,,Easy,0.9671,0.004
bpso,EA,5,Lung_GSE19804,0.9841,0.2613,0.9488,5.0,,Easy,0.9792,0.0049
bpso,EA,5,Pancreatic_GSE16515,0.9336,0.1766,0.8508,5.0,,Medium,0.9264,0.0072
bpso,EA,5,Prostate_GSE6919_U95Av2,0.7236,0.121,0.6719,5.0,,Hard,0.7076,0.016
bpso,EA,5,Renal_GSE53757,0.8835,0.1599,0.8455,5.0,,Medium,0.8723,0.0112
bpso,EA,10,Bladder_GSE31189,0.5347,0.1022,0.5234,10.0,,Hard,0.5965,-0.0618
bpso,EA,10,Breast_GSE70947,0.9257,0.2751,0.862,10.0,,Medium,0.9285,-0.0028
bpso,EA,10,Colorectal_GSE44076,0.9983,0.3382,0.9927,10.0,,Easy,0.9995,-0.0012
bpso,EA,10,Colorectal_GSE44861,0.9109,0.245,0.8602,10.0,,Medium,0.8916,0.0193
bpso,EA,10,Leukemia_GSE63270,0.9996,0.3949,0.9958,10.0,,Easy,1.0,-0.0004
bpso,EA,10,Liver_GSE14520_U133A,0.9842,0.3234,0.9637,10.0,,Easy,0.981,0.0032
bpso,EA,10,Liver_GSE76427,0.9727,0.2939,0.9557,10.0,,Easy,0.9696,0.0031
bpso,EA,10,Lung_GSE19804,0.9864,0.2895,0.9542,10.0,,Easy,0.9851,0.0013
bpso,EA,10,Pancreatic_GSE16515,0.9317,0.1865,0.8642,10.0,,Medium,0.9307,0.001
bpso,EA,10,Prostate_GSE6919_U95Av2,0.7075,0.178,0.6491,10.0,,Hard,0.7075,0.0
bpso,EA,10,Renal_GSE53757,0.876,0.1902,0.851,10.0,,Medium,0.8714,0.0046
bpso,EA,15,Bladder_GSE31189,0.5649,0.11,0.5311,15.0,,Hard,0.6019,-0.037
bpso,EA,15,Breast_GSE70947,0.924,0.2788,0.8633,15.0,,Medium,0.9319,-0.0079
bpso,EA,15,Colorectal_GSE44076,0.9998,0.3369,0.9906,15.0,,Easy,0.9998,0.0
bpso,EA,15,Colorectal_GSE44861,0.904,0.2499,0.8651,15.0,,Medium,0.8924,0.0116
bpso,EA,15,Leukemia_GSE63270,1.0,0.3565,0.9933,15.0,,Easy,1.0,0.0
bpso,EA,15,Liver_GSE14520_U133A,0.9859,0.3146,0.9637,15.0,,Easy,0.982,0.0039
bpso,EA,15,Liver_GSE76427,0.9736,0.2918,0.9569,15.0,,Easy,0.9727,0.0009
bpso,EA,15,Lung_GSE19804,0.9875,0.296,0.9542,15.0,,Easy,0.9872,0.0003
bpso,EA,15,Pancreatic_GSE16515,0.9412,0.2205,0.8575,15.0,,Medium,0.9281,0.0131
bpso,EA,15,Prostate_GSE6919_U95Av2,0.7043,0.2282,0.6609,15.0,,Hard,0.7029,0.0014
bpso,EA,15,Renal_GSE53757,0.8754,0.182,0.8385,15.0,,Medium,0.8726,0.0028
bpso,EA,20,Bladder_GSE31189,0.5928,0.1172,0.526,20.0,,Hard,0.6283,-0.0355
bpso,EA,20,Breast_GSE70947,0.925,0.2733,0.8597,20.0,,Medium,0.9346,-0.0096
bpso,EA,20,Colorectal_GSE44076,0.9998,0.3271,0.9906,20.0,,Easy,0.9998,0.0
bpso,EA,20,Colorectal_GSE44861,0.9065,0.2667,0.8571,20.0,,Medium,0.896,0.0105
bpso,EA,20,Leukemia_GSE63270,1.0,0.3583,0.9911,20.0,,Easy,1.0,0.0
bpso,EA,20,Liver_GSE14520_U133A,0.9848,0.3229,0.9653,20.0,,Easy,0.9822,0.0026
bpso,EA,20,Liver_GSE76427,0.9737,0.2964,0.9477,20.0,,Easy,0.968,0.0057
bpso,EA,20,Lung_GSE19804,0.9891,0.3074,0.9542,20.0,,Easy,0.9878,0.0013
bpso,EA,20,Pancreatic_GSE16515,0.9393,0.2256,0.8537,20.0,,Medium,0.9281,0.0112
bpso,EA,20,Prostate_GSE6919_U95Av2,0.7064,0.2406,0.6558,20.0,,Hard,0.6908,0.0156
bpso,EA,20,Renal_GSE53757,0.8744,0.1964,0.8399,20.0,,Medium,0.8707,0.0037
bpso,EA,30,Bladder_GSE31189,0.6125,0.1347,0.5382,30.0,,Hard,0.6312,-0.0187
bpso,EA,30,Breast_GSE70947,0.9289,0.2929,0.8668,30.0,,Medium,0.9373,-0.0084
bpso,EA,30,Colorectal_GSE44076,0.9999,0.3163,0.9895,30.0,,Easy,0.9999,0.0
bpso,EA,30,Colorectal_GSE44861,0.8982,0.2776,0.838,30.0,,Medium,0.896,0.0022
bpso,EA,30,Leukemia_GSE63270,1.0,0.3454,0.9975,30.0,,Easy,1.0,0.0
bpso,EA,30,Liver_GSE14520_U133A,0.9835,0.3224,0.9637,30.0,,Easy,0.9832,0.0003
bpso,EA,30,Liver_GSE76427,0.9816,0.3123,0.952,30.0,,Easy,0.9685,0.0131
bpso,EA,30,Lung_GSE19804,0.9869,0.3121,0.9542,30.0,,Easy,0.989,-0.0021
bpso,EA,30,Pancreatic_GSE16515,0.9336,0.2376,0.8537,30.0,,Medium,0.9336,0.0
bpso,EA,30,Prostate_GSE6919_U95Av2,0.7012,0.2788,0.6552,30.0,,Hard,0.6777,0.0235
bpso,EA,30,Renal_GSE53757,0.8728,0.2046,0.837,30.0,,Medium,0.8678,0.005
bpso,EA,50,Bladder_GSE31189,0.6425,0.1446,0.5938,50.0,,Hard,0.651,-0.0085
bpso,EA,50,Breast_GSE70947,0.9252,0.3203,0.8687,50.0,,Medium,0.9363,-0.0111
bpso,EA,50,Colorectal_GSE44076,0.9998,0.3433,0.9885,50.0,,Easy,0.9999,-0.0001
bpso,EA,50,Colorectal_GSE44861,0.8956,0.2925,0.838,50.0,,Medium,0.8956,0.0
bpso,EA,50,Leukemia_GSE63270,1.0,0.3721,1.0,50.0,,Easy,1.0,0.0
bpso,EA,50,Liver_GSE14520_U133A,0.9817,0.3458,0.9648,50.0,,Easy,0.9824,-0.0007
bpso,EA,50,Liver_GSE76427,0.9816,0.3372,0.9486,50.0,,Easy,0.9711,0.0105
bpso,EA,50,Lung_GSE19804,0.9856,0.3371,0.9488,50.0,,Easy,0.9885,-0.0029
bpso,EA,50,Pancreatic_GSE16515,0.9262,0.2468,0.8607,50.0,,Medium,0.9269,-0.0007
bpso,EA,50,Prostate_GSE6919_U95Av2,0.6859,0.2907,0.6438,50.0,,Hard,0.6722,0.0137
bpso,EA,50,Renal_GSE53757,0.8749,0.2306,0.8385,50.0,,Medium,0.8676,0.0073
sfe,EA,3,Bladder_GSE31189,0.5757,0.0099,0.5331,3.0,,Hard,0.5353,0.0404
sfe,EA,3,Breast_GSE70947,0.8986,0.0166,0.8312,3.0,,Medium,0.9026,-0.004
sfe,EA,3,Colorectal_GSE44076,0.9948,0.1477,0.9865,3.0,,Easy,0.9975,-0.0027
sfe,EA,3,Colorectal_GSE44861,0.8916,0.0121,0.8267,3.0,,Medium,0.8898,0.0018
sfe,EA,3,Leukemia_GSE63270,0.9965,0.2277,0.9783,3.0,,Easy,0.9965,0.0
sfe,EA,3,Liver_GSE14520_U133A,0.9799,0.0421,0.9532,3.0,,Easy,0.9747,0.0052
sfe,EA,3,Liver_GSE76427,0.9689,0.0866,0.9367,3.0,,Easy,0.9678,0.0011
sfe,EA,3,Lung_GSE19804,0.9783,0.12,0.9488,3.0,,Easy,0.9788,-0.0005
sfe,EA,3,Pancreatic_GSE16515,0.8929,0.0377,0.8233,3.0,,Medium,0.8955,-0.0026
sfe,EA,3,Prostate_GSE6919_U95Av2,0.7582,0.0198,0.7015,3.0,,Hard,0.6976,0.0606
sfe,EA,3,Renal_GSE53757,0.8802,0.0088,0.8568,3.0,,Medium,0.8768,0.0034
sfe,EA,5,Bladder_GSE31189,0.598,0.0066,0.5588,5.0,,Hard,0.5564,0.0416
sfe,EA,5,Breast_GSE70947,0.9083,0.0199,0.8369,5.0,,Medium,0.914,-0.0057
sfe,EA,5,Colorectal_GSE44076,0.997,0.1886,0.9907,5.0,,Easy,0.9982,-0.0012
sfe,EA,5,Colorectal_GSE44861,0.8876,0.0204,0.8358,5.0,,Medium,0.8876,0.0
sfe,EA,5,Leukemia_GSE63270,0.9996,0.1986,0.995,5.0,,Easy,0.9988,0.0008
sfe,EA,5,Liver_GSE14520_U133A,0.9821,0.0511,0.9559,5.0,,Easy,0.9797,0.0024
sfe,EA,5,Liver_GSE76427,0.9644,0.0892,0.9444,5.0,,Easy,0.9671,-0.0027
sfe,EA,5,Lung_GSE19804,0.9832,0.1359,0.9436,5.0,,Easy,0.9792,0.004
sfe,EA,5,Pancreatic_GSE16515,0.9114,0.0499,0.849,5.0,,Medium,0.9264,-0.015
sfe,EA,5,Prostate_GSE6919_U95Av2,0.7457,0.0209,0.6855,5.0,,Hard,0.7076,0.0381
sfe,EA,5,Renal_GSE53757,0.882,0.0099,0.854,5.0,,Medium,0.8723,0.0097
sfe,EA,10,Bladder_GSE31189,0.5793,0.0052,0.5545,10.0,,Hard,0.5965,-0.0172
sfe,EA,10,Breast_GSE70947,0.9137,0.0221,0.8452,10.0,,Medium,0.9285,-0.0148
sfe,EA,10,Colorectal_GSE44076,0.9982,0.2709,0.9917,10.0,,Easy,0.9995,-0.0013
sfe,EA,10,Colorectal_GSE44861,0.8836,0.0312,0.8422,10.0,,Medium,0.8916,-0.008
sfe,EA,10,Leukemia_GSE63270,0.9996,0.2499,0.9967,10.0,,Easy,1.0,-0.0004
sfe,EA,10,Liver_GSE14520_U133A,0.9822,0.0619,0.9548,10.0,,Easy,0.981,0.0012
sfe,EA,10,Liver_GSE76427,0.9659,0.1125,0.9514,10.0,,Easy,0.9696,-0.0037
sfe,EA,10,Lung_GSE19804,0.984,0.1855,0.9451,10.0,,Easy,0.9851,-0.0011
sfe,EA,10,Pancreatic_GSE16515,0.9205,0.0938,0.8569,10.0,,Medium,0.9307,-0.0102
sfe,EA,10,Prostate_GSE6919_U95Av2,0.7331,0.0226,0.6967,10.0,,Hard,0.7075,0.0256
sfe,EA,10,Renal_GSE53757,0.8931,0.0135,0.8554,10.0,,Medium,0.8714,0.0217
sfe,EA,15,Bladder_GSE31189,0.6019,0.0093,0.5646,15.0,,Hard,0.6019,0.0
sfe,EA,15,Breast_GSE70947,0.9165,0.0247,0.8515,15.0,,Medium,0.9319,-0.0154
sfe,EA,15,Colorectal_GSE44076,0.9997,0.3298,0.9906,15.0,,Easy,0.9998,-0.0001
sfe,EA,15,Colorectal_GSE44861,0.8851,0.0394,0.8602,15.0,,Medium,0.8924,-0.0073
sfe,EA,15,Leukemia_GSE63270,1.0,0.31,0.9967,15.0,,Easy,1.0,0.0
sfe,EA,15,Liver_GSE14520_U133A,0.9825,0.072,0.9587,15.0,,Easy,0.982,0.0005
sfe,EA,15,Liver_GSE76427,0.9687,0.1359,0.9531,15.0,,Easy,0.9727,-0.004
sfe,EA,15,Lung_GSE19804,0.9888,0.2245,0.9523,15.0,,Easy,0.9872,0.0016
sfe,EA,15,Pancreatic_GSE16515,0.9281,0.1193,0.8579,15.0,,Medium,0.9281,0.0
sfe,EA,15,Prostate_GSE6919_U95Av2,0.7228,0.0228,0.6736,15.0,,Hard,0.7029,0.0199
sfe,EA,15,Renal_GSE53757,0.8877,0.0484,0.844,15.0,,Medium,0.8726,0.0151
sfe,EA,20,Bladder_GSE31189,0.5966,0.0135,0.5751,20.0,,Hard,0.6283,-0.0317
sfe,EA,20,Breast_GSE70947,0.9224,0.0411,0.8565,20.0,,Medium,0.9346,-0.0122
sfe,EA,20,Colorectal_GSE44076,0.9996,0.3596,0.9896,20.0,,Easy,0.9998,-0.0002
sfe,EA,20,Colorectal_GSE44861,0.8887,0.0765,0.8545,20.0,,Medium,0.896,-0.0073
sfe,EA,20,Leukemia_GSE63270,1.0,0.3729,0.9983,20.0,,Easy,1.0,0.0
sfe,EA,20,Liver_GSE14520_U133A,0.9822,0.0904,0.9627,20.0,,Easy,0.9822,0.0
sfe,EA,20,Liver_GSE76427,0.9677,0.1882,0.956,20.0,,Easy,0.968,-0.0003
sfe,EA,20,Lung_GSE19804,0.9882,0.2552,0.9523,20.0,,Easy,0.9878,0.0004
sfe,EA,20,Pancreatic_GSE16515,0.9338,0.1317,0.8515,20.0,,Medium,0.9281,0.0057
sfe,EA,20,Prostate_GSE6919_U95Av2,0.7179,0.0265,0.6732,20.0,,Hard,0.6908,0.0271
sfe,EA,20,Renal_GSE53757,0.8855,0.0987,0.844,20.0,,Medium,0.8707,0.0148
sfe,EA,30,Bladder_GSE31189,0.5833,0.0497,0.5452,30.0,,Hard,0.6312,-0.0479
sfe,EA,30,Breast_GSE70947,0.9253,0.0702,0.8585,30.0,,Medium,0.9373,-0.012
sfe,EA,30,Colorectal_GSE44076,0.9997,0.3783,0.9886,30.0,,Easy,0.9999,-0.0002
sfe,EA,30,Colorectal_GSE44861,0.8953,0.1471,0.8645,30.0,,Medium,0.896,-0.0007
sfe,EA,30,Leukemia_GSE63270,1.0,0.394,1.0,30.0,,Easy,1.0,0.0
sfe,EA,30,Liver_GSE14520_U133A,0.9834,0.1301,0.9592,30.0,,Easy,0.9832,0.0002
sfe,EA,30,Liver_GSE76427,0.971,0.2588,0.9566,30.0,,Easy,0.9685,0.0025
sfe,EA,30,Lung_GSE19804,0.9882,0.2862,0.9523,30.0,,Easy,0.989,-0.0008
sfe,EA,30,Pancreatic_GSE16515,0.9343,0.1539,0.8515,30.0,,Medium,0.9336,0.0007
sfe,EA,30,Prostate_GSE6919_U95Av2,0.716,0.0495,0.657,30.0,,Hard,0.6777,0.0383
sfe,EA,30,Renal_GSE53757,0.8845,0.1687,0.8328,30.0,,Medium,0.8678,0.0167
sfe,EA,50,Bladder_GSE31189,0.6158,0.1199,0.5747,50.0,,Hard,0.651,-0.0352
sfe,EA,50,Breast_GSE70947,0.9306,0.1522,0.8773,50.0,,Medium,0.9363,-0.0057
sfe,EA,50,Colorectal_GSE44076,0.9999,0.3791,0.9885,50.0,,Easy,0.9999,0.0
sfe,EA,50,Colorectal_GSE44861,0.8993,0.2454,0.8567,50.0,,Medium,0.8956,0.0037
sfe,EA,50,Leukemia_GSE63270,1.0,0.4083,1.0,50.0,,Easy,1.0,0.0
sfe,EA,50,Liver_GSE14520_U133A,0.983,0.2309,0.9587,50.0,,Easy,0.9824,0.0006
sfe,EA,50,Liver_GSE76427,0.9711,0.37,0.9466,50.0,,Easy,0.9711,0.0
sfe,EA,50,Lung_GSE19804,0.9856,0.316,0.9526,50.0,,Easy,0.9885,-0.0029
sfe,EA,50,Pancreatic_GSE16515,0.9269,0.1762,0.8586,50.0,,Medium,0.9269,0.0
sfe,EA,50,Prostate_GSE6919_U95Av2,0.6827,0.1352,0.6571,50.0,,Hard,0.6722,0.0105
sfe,EA,50,Renal_GSE53757,0.8744,0.2585,0.8203,50.0,,Medium,0.8676,0.0068
mel,EA,3,Bladder_GSE31189,0.5868,0.0066,0.5619,3.0,,Hard,0.5353,0.0515
mel,EA,3,Breast_GSE70947,0.9006,0.021,0.836,3.0,,Medium,0.9026,-0.002
mel,EA,3,Colorectal_GSE44076,0.9956,0.0711,0.9813,3.0,,Easy,0.9975,-0.0019
mel,EA,3,Colorectal_GSE44861,0.8793,0.0076,0.8193,3.0,,Medium,0.8898,-0.0105
mel,EA,3,Leukemia_GSE63270,0.9904,0.0077,0.96,3.0,,Easy,0.9965,-0.0061
mel,EA,3,Liver_GSE14520_U133A,0.9747,0.0165,0.9421,3.0,,Easy,0.9747,0.0
mel,EA,3,Liver_GSE76427,0.9644,0.0077,0.9107,3.0,,Easy,0.9678,-0.0034
mel,EA,3,Lung_GSE19804,0.968,0.0166,0.93,3.0,,Easy,0.9788,-0.0108
mel,EA,3,Pancreatic_GSE16515,0.89,0.0099,0.8398,3.0,,Medium,0.8955,-0.0055
mel,EA,3,Prostate_GSE6919_U95Av2,0.7646,0.0153,0.681,3.0,,Hard,0.6976,0.067
mel,EA,3,Renal_GSE53757,0.8883,0.1544,0.8622,3.0,,Medium,0.8768,0.0115
mel,EA,5,Bladder_GSE31189,0.5783,0.0106,0.5435,5.0,,Hard,0.5564,0.0219
mel,EA,5,Breast_GSE70947,0.914,0.0252,0.8507,5.0,,Medium,0.914,0.0
mel,EA,5,Colorectal_GSE44076,0.9972,0.2613,0.9885,5.0,,Easy,0.9982,-0.001
mel,EA,5,Colorectal_GSE44861,0.88,0.0485,0.8392,5.0,,Medium,0.8876,-0.0076
mel,EA,5,Leukemia_GSE63270,0.9988,0.1559,0.9883,5.0,,Easy,0.9988,0.0
mel,EA,5,Liver_GSE14520_U133A,0.9814,0.0178,0.9564,5.0,,Easy,0.9797,0.0017
mel,EA,5,Liver_GSE76427,0.9717,0.0446,0.9365,5.0,,Easy,0.9671,0.0046
mel,EA,5,Lung_GSE19804,0.9767,0.1359,0.9439,5.0,,Easy,0.9792,-0.0025
mel,EA,5,Pancreatic_GSE16515,0.9298,0.1193,0.867,5.0,,Medium,0.9264,0.0034
mel,EA,5,Prostate_GSE6919_U95Av2,0.7528,0.0143,0.6621,5.0,,Hard,0.7076,0.0452
mel,EA,5,Renal_GSE53757,0.8904,0.3573,0.8578,5.0,,Medium,0.8723,0.0181
mel,EA,10,Bladder_GSE31189,0.6335,0.0145,0.5717,10.0,,Hard,0.5965,0.037
mel,EA,10,Breast_GSE70947,0.9285,0.1861,0.8668,10.0,,Medium,0.9285,0.0
mel,EA,10,Colorectal_GSE44076,0.9992,0.5502,0.9917,10.0,,Easy,0.9995,-0.0003
mel,EA,10,Colorectal_GSE44861,0.8869,0.31,0.8507,10.0,,Medium,0.8916,-0.0047
mel,EA,10,Leukemia_GSE63270,1.0,0.5426,0.995,10.0,,Easy,1.0,0.0
mel,EA,10,Liver_GSE14520_U133A,0.9824,0.3194,0.961,10.0,,Easy,0.981,0.0014
mel,EA,10,Liver_GSE76427,0.9762,0.3699,0.9489,10.0,,Easy,0.9696,0.0066
mel,EA,10,Lung_GSE19804,0.9813,0.4142,0.9488,10.0,,Easy,0.9851,-0.0038
mel,EA,10,Pancreatic_GSE16515,0.9283,0.2522,0.8537,10.0,,Medium,0.9307,-0.0024
mel,EA,10,Prostate_GSE6919_U95Av2,0.74,0.0282,0.6673,10.0,,Hard,0.7075,0.0325
mel,EA,10,Renal_GSE53757,0.8875,0.3179,0.8509,10.0,,Medium,0.8714,0.0161
mel,EA,15,Bladder_GSE31189,0.6615,0.0253,0.599,15.0,,Hard,0.6019,0.0596
mel,EA,15,Breast_GSE70947,0.9384,0.3302,0.8773,15.0,,Medium,0.9319,0.0065
mel,EA,15,Colorectal_GSE44076,0.9997,0.6368,0.9937,15.0,,Easy,0.9998,-0.0001
mel,EA,15,Colorectal_GSE44861,0.9102,0.4361,0.8685,15.0,,Medium,0.8924,0.0178
mel,EA,15,Leukemia_GSE63270,1.0,0.6279,0.995,15.0,,Easy,1.0,0.0
mel,EA,15,Liver_GSE14520_U133A,0.982,0.5157,0.9603,15.0,,Easy,0.982,0.0
mel,EA,15,Liver_GSE76427,0.9758,0.5948,0.9557,15.0,,Easy,0.9727,0.0031
mel,EA,15,Lung_GSE19804,0.9829,0.5136,0.9507,15.0,,Easy,0.9872,-0.0043
mel,EA,15,Pancreatic_GSE16515,0.9243,0.334,0.8699,15.0,,Medium,0.9281,-0.0038
mel,EA,15,Prostate_GSE6919_U95Av2,0.7392,0.0593,0.6785,15.0,,Hard,0.7029,0.0363
mel,EA,15,Renal_GSE53757,0.8841,0.3474,0.8452,15.0,,Medium,0.8726,0.0115
mel,EA,20,Bladder_GSE31189,0.6564,0.038,0.5998,20.0,,Hard,0.6283,0.0281
mel,EA,20,Breast_GSE70947,0.9366,0.3902,0.8759,20.0,,Medium,0.9346,0.002
mel,EA,20,Colorectal_GSE44076,0.9998,0.7166,0.9948,20.0,,Easy,0.9998,0.0
mel,EA,20,Colorectal_GSE44861,0.9131,0.4657,0.8625,20.0,,Medium,0.896,0.0171
mel,EA,20,Leukemia_GSE63270,1.0,0.642,0.9967,20.0,,Easy,1.0,0.0
mel,EA,20,Liver_GSE14520_U133A,0.9827,0.58,0.9603,20.0,,Easy,0.9822,0.0005
mel,EA,20,Liver_GSE76427,0.9741,0.6562,0.9526,20.0,,Easy,0.968,0.0061
mel,EA,20,Lung_GSE19804,0.9862,0.5703,0.9542,20.0,,Easy,0.9878,-0.0016
mel,EA,20,Pancreatic_GSE16515,0.9281,0.3704,0.8537,20.0,,Medium,0.9281,0.0
mel,EA,20,Prostate_GSE6919_U95Av2,0.7236,0.0892,0.6654,20.0,,Hard,0.6908,0.0328
mel,EA,20,Renal_GSE53757,0.8875,0.3908,0.844,20.0,,Medium,0.8707,0.0168
mel,EA,30,Bladder_GSE31189,0.6433,0.0799,0.6,30.0,,Hard,0.6312,0.0121
mel,EA,30,Breast_GSE70947,0.9376,0.4895,0.8814,30.0,,Medium,0.9373,0.0003
mel,EA,30,Colorectal_GSE44076,0.9998,0.7697,0.9948,30.0,,Easy,0.9999,-0.0001
mel,EA,30,Colorectal_GSE44861,0.9069,0.517,0.8447,30.0,,Medium,0.896,0.0109
mel,EA,30,Leukemia_GSE63270,1.0,0.6682,0.9983,30.0,,Easy,1.0,0.0
mel,EA,30,Liver_GSE14520_U133A,0.9824,0.6723,0.9563,30.0,,Easy,0.9832,-0.0008
mel,EA,30,Liver_GSE76427,0.9682,0.7425,0.9537,30.0,,Easy,0.9685,-0.0003
mel,EA,30,Lung_GSE19804,0.989,0.672,0.9542,30.0,,Easy,0.989,0.0
mel,EA,30,Pancreatic_GSE16515,0.936,0.4559,0.8575,30.0,,Medium,0.9336,0.0024
mel,EA,30,Prostate_GSE6919_U95Av2,0.6939,0.1582,0.653,30.0,,Hard,0.6777,0.0162
mel,EA,30,Renal_GSE53757,0.8867,0.4332,0.8456,30.0,,Medium,0.8678,0.0189
mel,EA,50,Bladder_GSE31189,0.642,0.1479,0.5652,50.0,,Hard,0.651,-0.009
mel,EA,50,Breast_GSE70947,0.9367,0.557,0.882,50.0,,Medium,0.9363,0.0004
mel,EA,50,Colorectal_GSE44076,0.9999,0.7664,0.9927,50.0,,Easy,0.9999,0.0
mel,EA,50,Colorectal_GSE44861,0.8971,0.5983,0.8582,50.0,,Medium,0.8956,0.0015
mel,EA,50,Leukemia_GSE63270,1.0,0.7018,1.0,50.0,,Easy,1.0,0.0
mel,EA,50,Liver_GSE14520_U133A,0.9828,0.7442,0.9614,50.0,,Easy,0.9824,0.0004
mel,EA,50,Liver_GSE76427,0.972,0.7531,0.9417,50.0,,Easy,0.9711,0.0009
mel,EA,50,Lung_GSE19804,0.9902,0.7143,0.9542,50.0,,Easy,0.9885,0.0017
mel,EA,50,Pancreatic_GSE16515,0.93,0.5424,0.8579,50.0,,Medium,0.9269,0.0031
mel,EA,50,Prostate_GSE6919_U95Av2,0.6724,0.2683,0.6183,50.0,,Hard,0.6722,0.0002
mel,EA,50,Renal_GSE53757,0.8826,0.4709,0.8356,50.0,,Medium,0.8676,0.015
